Date,CBOE Equity Put/Call,,
4/14/20,0.58,,
4/13/20,0.65,,
4/9/20,0.65,,
4/8/20,0.65,,
4/7/20,0.65,,
4/6/20,0.69,,
4/3/20,0.83,,
4/2/20,0.82,,
4/1/20,0.86,,
3/31/20,0.7,,
3/30/20,0.68,,
3/27/20,0.7,,
3/26/20,0.58,,
3/25/20,0.65,,
3/24/20,0.63,,
3/23/20,0.62,,
3/20/20,0.83,,
3/19/20,0.88,,
3/18/20,0.98,,
3/17/20,0.86,,
3/16/20,1.1,,
3/13/20,1,,
3/12/20,1.28,,
3/11/20,1.02,,
3/10/20,0.75,,
3/9/20,1.12,,
3/6/20,0.89,,
3/5/20,0.78,,
3/4/20,0.64,,
3/3/20,0.73,,
3/2/20,0.76,,
2/28/20,0.85,,
2/27/20,0.86,,
2/26/20,0.65,,
2/25/20,0.8,,
2/24/20,0.7,,
2/21/20,0.73,,
2/20/20,0.51,,
2/19/20,0.45,,
2/18/20,0.51,,
2/14/20,0.58,,
2/13/20,0.55,,
2/12/20,0.48,,
2/11/20,0.45,,
2/10/20,0.46,,
2/7/20,0.56,,
2/6/20,0.47,,
2/5/20,0.51,,
2/4/20,0.46,,
2/3/20,0.5,,
1/31/20,0.74,,
1/30/20,0.61,,
1/29/20,0.5,,
1/28/20,0.55,,
1/27/20,0.64,,
1/24/20,0.7,,
1/23/20,0.54,,
1/22/20,0.52,,
1/21/20,0.59,,
1/17/20,0.48,,
1/16/20,0.47,,
1/15/20,0.44,,
1/14/20,0.47,,
1/13/20,0.47,,
1/10/20,0.54,,
1/9/20,0.49,,
1/8/20,0.47,,
1/7/20,0.44,,
1/6/20,0.54,,
1/3/20,0.57,,
1/2/20,0.54,,
12/31/19,0.56,,
12/30/19,0.59,,
12/27/19,0.6,,
12/26/19,0.43,,
12/24/19,0.52,,
12/23/19,0.54,,
12/20/19,0.46,,
12/19/19,0.54,,
12/18/19,0.49,,
12/17/19,0.53,,
12/16/19,0.61,,
12/13/19,0.55,,
12/12/19,0.45,,
12/11/19,0.52,,
12/10/19,0.76,,
12/9/19,0.64,,
12/6/19,0.54,,
12/5/19,0.65,,
12/4/19,0.54,,
12/3/19,0.7,,
12/2/19,0.66,,
11/29/19,0.59,,
11/27/19,0.58,,
11/26/19,0.57,,
11/25/19,0.63,,
11/22/19,0.58,,
11/21/19,0.59,,
11/20/19,0.64,,
11/19/19,0.58,,
11/18/19,0.55,,
11/15/19,0.49,,
11/14/19,0.47,,
11/13/19,0.58,,
11/12/19,0.59,,
11/8/19,0.59,,
11/7/19,0.54,,
11/6/19,0.63,,
11/5/19,0.58,,
11/4/19,0.54,,
11/1/19,0.53,,
10/31/19,0.71,,
10/30/19,0.6,,
10/29/19,0.55,,
10/28/19,0.51,,
10/25/19,0.56,,
10/24/19,0.68,,
10/23/19,0.69,,
10/22/19,0.61,,
10/21/19,0.61,,
10/18/19,0.69,,
10/17/19,0.65,,
10/16/19,0.63,,
10/15/19,0.55,,
10/11/19,0.56,,
10/10/19,0.58,,
10/9/19,0.59,,
10/8/19,0.65,,
10/7/19,0.7,,
10/4/19,0.65,,
10/3/19,0.77,,
10/2/19,0.84,,
10/1/19,0.73,,
9/30/19,0.67,,
9/27/19,0.72,,
9/26/19,0.74,,
9/25/19,0.67,,
9/24/19,0.7,,
9/23/19,0.65,,
9/20/19,0.65,,
9/19/19,0.67,,
9/18/19,0.7,,
9/17/19,0.56,,
9/16/19,0.68,,
9/13/19,0.62,,
9/12/19,0.55,,
9/11/19,0.54,,
9/10/19,0.65,,
9/9/19,0.59,,
9/6/19,0.56,,
9/5/19,0.53,,
9/4/19,0.68,,
9/3/19,0.73,,
8/30/19,0.68,,
8/29/19,0.66,,
8/28/19,0.64,,
8/27/19,0.64,,
8/26/19,0.58,,
8/23/19,0.88,,
8/22/19,0.74,,
8/21/19,0.6,,
8/20/19,0.69,,
8/19/19,0.55,,
8/16/19,0.67,,
8/15/19,0.98,,
8/14/19,0.84,,
8/13/19,0.66,,
8/12/19,0.78,,
8/9/19,0.68,,
8/8/19,0.62,,
8/7/19,0.78,,
8/6/19,0.78,,
8/5/19,0.84,,
8/2/19,0.87,,
8/1/19,0.75,,
7/31/19,0.62,,
7/30/19,0.73,,
7/29/19,0.71,,
7/26/19,0.6,,
7/25/19,0.68,,
7/24/19,0.66,,
7/23/19,0.61,,
7/22/19,0.71,,
7/19/19,0.6,,
7/18/19,0.6,,
7/17/19,0.67,,
7/16/19,0.62,,
7/15/19,0.59,,
7/12/19,0.55,,
7/11/19,0.61,,
7/10/19,0.51,,
7/9/19,0.58,,
7/8/19,0.63,,
7/5/19,0.61,,
7/3/19,0.64,,
7/2/19,0.66,,
7/1/19,0.65,,
6/28/19,0.55,,
6/27/19,0.58,,
6/26/19,0.67,,
6/25/19,0.63,,
6/24/19,0.59,,
6/21/19,0.53,,
6/20/19,0.52,,
6/19/19,0.61,,
6/18/19,0.55,,
6/17/19,0.72,,
6/14/19,0.63,,
6/13/19,0.63,,
6/12/19,0.77,,
6/11/19,0.65,,
6/10/19,0.57,,
6/7/19,0.51,,
6/6/19,0.66,,
6/5/19,0.64,,
6/4/19,0.67,,
6/3/19,0.67,,
5/31/19,0.83,,
5/30/19,0.64,,
5/29/19,0.63,,
5/28/19,0.68,,
5/24/19,0.76,,
5/23/19,0.8,,
5/22/19,0.72,,
5/21/19,0.57,,
5/20/19,0.65,,
5/17/19,0.81,,
5/16/19,0.66,,
5/15/19,0.77,,
5/14/19,0.7,,
5/13/19,0.79,,
5/10/19,0.8,,
5/9/19,0.7,,
5/8/19,0.66,,
5/7/19,0.68,,
5/6/19,0.63,,
5/3/19,0.52,,
5/2/19,0.64,,
5/1/19,0.63,,
4/30/19,0.65,,
4/29/19,0.61,,
4/26/19,0.63,,
4/25/19,0.57,,
4/24/19,0.6,,
4/23/19,0.59,,
4/22/19,0.6,,
4/18/19,0.62,,
4/17/19,0.55,,
4/16/19,0.58,,
4/15/19,0.57,,
4/12/19,0.54,,
4/11/19,0.67,,
4/10/19,0.62,,
4/9/19,0.58,,
4/8/19,0.68,,
4/5/19,0.59,,
4/4/19,0.59,,
4/3/19,0.52,,
4/2/19,0.57,,
4/1/19,0.61,,
3/29/19,0.65,,
3/28/19,0.71,,
3/27/19,0.69,,
3/26/19,0.65,,
3/25/19,0.62,,
3/22/19,0.68,,
3/21/19,0.51,,
3/20/19,0.58,,
3/19/19,0.58,,
3/18/19,0.52,,
3/15/19,0.57,,
3/14/19,0.65,,
3/13/19,0.52,,
3/12/19,0.66,,
3/11/19,0.57,,
3/8/19,0.75,,
3/7/19,0.76,,
3/6/19,0.7,,
3/5/19,0.67,,
3/4/19,0.67,,
3/1/19,0.6,,
2/28/19,0.63,,
2/27/19,0.54,,
2/26/19,0.6,,
2/25/19,0.55,,
2/22/19,0.63,,
2/21/19,0.66,,
2/20/19,0.54,,
2/19/19,0.61,,
2/15/19,0.52,,
2/14/19,0.6,,
2/13/19,0.57,,
2/12/19,0.57,,
2/11/19,0.6,,
2/8/19,0.61,,
2/7/19,0.7,,
2/6/19,0.64,,
2/5/19,0.56,,
2/4/19,0.6,,
2/1/19,0.6,,
1/31/19,0.53,,
1/30/19,0.63,,
1/29/19,0.68,,
1/28/19,0.76,,
1/25/19,0.51,,
1/24/19,0.72,,
1/23/19,0.64,,
1/22/19,0.64,,
1/18/19,0.54,,
1/17/19,0.52,,
1/16/19,0.6,,
1/15/19,0.7,,
1/14/19,0.65,,
1/11/19,0.77,,
1/10/19,0.65,,
1/9/19,0.59,,
1/8/19,0.63,,
1/7/19,0.6,,
1/4/19,0.59,,
1/3/19,0.73,,
1/2/19,0.67,,
12/31/18,0.6,,
12/28/18,0.44,,
12/27/18,0.73,,
12/26/18,0.62,,
12/24/18,0.79,,
12/21/18,1.13,,
12/20/18,0.91,,
12/19/18,0.85,,
12/18/18,0.69,,
12/17/18,0.97,,
12/14/18,0.79,,
12/13/18,0.75,,
12/12/18,0.62,,
12/11/18,0.65,,
12/10/18,0.7,,
12/7/18,0.77,,
12/6/18,0.85,,
12/4/18,0.69,,
12/3/18,0.57,,
11/30/18,0.53,,
11/29/18,0.57,,
11/28/18,0.62,,
11/27/18,0.7,,
11/26/18,0.64,,
11/23/18,0.85,,
11/21/18,0.73,,
11/20/18,0.82,,
11/19/18,0.72,,
11/16/18,0.74,,
11/15/18,0.73,,
11/14/18,0.81,,
11/13/18,0.7,,
11/9/18,0.8,,
11/8/18,0.64,,
11/7/18,0.59,,
11/6/18,0.67,,
11/5/18,0.61,,
11/2/18,0.68,,
11/1/18,0.51,,
10/31/18,0.65,,
10/30/18,0.69,,
10/29/18,0.74,,
10/26/18,0.8,,
10/25/18,0.66,,
10/24/18,0.71,,
10/23/18,0.61,,
10/22/18,0.57,,
10/19/18,0.82,,
10/18/18,0.73,,
10/17/18,0.68,,
10/16/18,0.63,,
10/15/18,0.61,,
10/12/18,0.67,,
10/11/18,0.68,,
10/10/18,0.74,,
10/9/18,0.62,,
10/5/18,0.84,,
10/4/18,0.72,,
10/3/18,0.56,,
10/2/18,0.54,,
10/1/18,0.57,,
9/28/18,0.64,,
9/27/18,0.61,,
9/26/18,0.59,,
9/25/18,0.52,,
9/24/18,0.63,,
9/21/18,0.57,,
9/20/18,0.56,,
9/19/18,0.57,,
9/18/18,0.55,,
9/17/18,0.64,,
9/14/18,0.58,,
9/13/18,0.5,,
9/12/18,0.55,,
9/11/18,0.61,,
9/10/18,0.62,,
9/7/18,0.69,,
9/6/18,0.74,,
9/5/18,0.62,,
9/4/18,0.59,,
8/31/18,0.63,,
8/30/18,0.58,,
8/29/18,0.55,,
8/28/18,0.53,,
8/27/18,0.53,,
8/24/18,0.57,,
8/23/18,0.61,,
8/22/18,0.6,,
8/21/18,0.58,,
8/20/18,0.55,,
8/17/18,0.7,,
8/16/18,0.6,,
8/15/18,0.66,,
8/14/18,0.66,,
8/13/18,0.64,,
8/10/18,0.7,,
8/9/18,0.62,,
8/8/18,0.62,,
8/7/18,0.64,,
8/6/18,0.62,,
8/3/18,0.56,,
8/2/18,0.58,,
8/1/18,0.67,,
7/31/18,0.69,,
7/30/18,0.72,,
7/27/18,0.67,,
7/26/18,0.63,,
7/25/18,0.61,,
7/24/18,0.63,,
7/23/18,0.55,,
7/20/18,0.66,,
7/19/18,0.62,,
7/18/18,0.56,,
7/17/18,0.65,,
7/16/18,0.7,,
7/13/18,0.62,,
7/12/18,0.56,,
7/11/18,0.59,,
7/10/18,0.74,,
7/9/18,0.53,,
7/6/18,0.57,,
7/5/18,0.6,,
7/3/18,0.67,,
7/2/18,0.58,,
6/29/18,0.69,,
6/28/18,0.65,,
6/27/18,0.67,,
6/26/18,0.52,,
6/25/18,0.61,,
6/22/18,0.56,,
6/21/18,0.56,,
6/20/18,0.56,,
6/19/18,0.59,,
6/18/18,0.54,,
6/15/18,0.61,,
6/14/18,0.5,,
6/13/18,0.54,,
6/12/18,0.5,,
6/11/18,0.54,,
6/8/18,0.6,,
6/7/18,0.56,,
6/6/18,0.53,,
6/5/18,0.48,,
6/4/18,0.55,,
6/1/18,0.56,,
5/31/18,0.63,,
5/30/18,0.56,,
5/29/18,0.65,,
5/25/18,0.61,,
5/24/18,0.64,,
5/23/18,0.65,,
5/22/18,0.58,,
5/21/18,0.54,,
5/18/18,0.66,,
5/17/18,0.57,,
5/16/18,0.5,,
5/15/18,0.62,,
5/14/18,0.62,,
5/11/18,0.6,,
5/10/18,0.51,,
5/9/18,0.58,,
5/8/18,0.61,,
5/7/18,0.54,,
5/4/18,0.55,,
5/3/18,0.76,,
5/2/18,0.65,,
5/1/18,0.68,,
4/30/18,0.61,,
4/27/18,0.64,,
4/26/18,0.61,,
4/25/18,0.7,,
4/24/18,0.68,,
4/23/18,0.61,,
4/20/18,0.65,,
4/19/18,0.64,,
4/18/18,0.56,,
4/17/18,0.68,,
4/16/18,0.64,,
4/13/18,0.66,,
4/12/18,0.66,,
4/11/18,0.65,,
4/10/18,0.57,,
4/9/18,0.61,,
4/6/18,0.76,,
4/5/18,0.61,,
4/4/18,0.63,,
4/3/18,0.65,,
4/2/18,0.77,,
3/29/18,0.63,,
3/28/18,0.68,,
3/27/18,0.71,,
3/26/18,0.63,,
3/23/18,0.76,,
3/22/18,0.74,,
3/21/18,0.62,,
3/20/18,0.68,,
3/19/18,0.67,,
3/16/18,0.63,,
3/15/18,0.63,,
3/14/18,0.69,,
3/13/18,0.57,,
3/12/18,0.57,,
3/9/18,0.53,,
3/8/18,0.61,,
3/7/18,0.58,,
3/6/18,0.52,,
3/5/18,0.55,,
3/2/18,0.71,,
3/1/18,0.72,,
2/28/18,0.67,,
2/27/18,0.63,,
2/26/18,0.59,,
2/23/18,0.62,,
2/22/18,0.63,,
2/21/18,0.58,,
2/20/18,0.66,,
2/16/18,0.52,,
2/15/18,0.61,,
2/14/18,0.59,,
2/13/18,0.73,,
2/12/18,0.67,,
2/9/18,0.88,,
2/8/18,0.75,,
2/7/18,0.68,,
2/6/18,0.75,,
2/5/18,0.73,,
2/2/18,0.77,,
2/1/18,0.59,,
1/31/18,0.59,,
1/30/18,0.61,,
1/29/18,0.57,,
1/26/18,0.49,,
1/25/18,0.56,,
1/24/18,0.53,,
1/23/18,0.52,,
1/22/18,0.56,,
1/19/18,0.56,,
1/18/18,0.56,,
1/17/18,0.48,,
1/16/18,0.49,,
1/12/18,0.5,,
1/11/18,0.5,,
1/10/18,0.65,,
1/9/18,0.6,,
1/8/18,0.63,,
1/5/18,0.58,,
1/4/18,0.5,,
1/3/18,0.54,,
1/2/18,0.47,,
12/29/17,0.59,,
12/28/17,0.57,,
12/27/17,0.55,,
12/26/17,0.58,,
12/22/17,0.64,,
12/21/17,0.56,,
12/20/17,0.56,,
12/19/17,0.53,,
12/18/17,0.5,,
12/15/17,0.57,,
12/14/17,0.6,,
12/13/17,0.57,,
12/12/17,0.51,,
12/11/17,0.63,,
12/8/17,0.6,,
12/7/17,0.58,,
12/6/17,0.67,,
12/5/17,0.57,,
12/4/17,0.56,,
12/1/17,0.63,,
11/30/17,0.55,,
11/29/17,0.52,,
11/28/17,0.5,,
11/27/17,0.61,,
11/24/17,0.62,,
11/22/17,0.57,,
11/21/17,0.58,,
11/20/17,0.59,,
11/17/17,0.56,,
11/16/17,0.64,,
11/15/17,0.74,,
11/14/17,0.62,,
11/13/17,0.69,,
11/10/17,0.66,,
11/9/17,0.64,,
11/8/17,0.68,,
11/7/17,0.64,,
11/6/17,0.61,,
11/3/17,0.6,,
11/2/17,0.63,,
11/1/17,0.71,,
10/31/17,0.57,,
10/30/17,0.69,,
10/27/17,0.55,,
10/26/17,0.61,,
10/25/17,0.71,,
10/24/17,0.63,,
10/23/17,0.65,,
10/20/17,0.6,,
10/19/17,0.7,,
10/18/17,0.72,,
10/17/17,0.66,,
10/16/17,0.7,,
10/13/17,0.65,,
10/12/17,0.7,,
10/11/17,0.62,,
10/10/17,0.54,,
10/6/17,0.7,,
10/5/17,0.69,,
10/4/17,0.58,,
10/3/17,0.66,,
10/2/17,0.61,,
9/29/17,0.59,,
9/28/17,0.52,,
9/27/17,0.61,,
9/26/17,0.69,,
9/25/17,0.64,,
9/22/17,0.77,,
9/21/17,0.66,,
9/20/17,0.61,,
9/19/17,0.67,,
9/18/17,0.61,,
9/15/17,0.63,,
9/14/17,0.56,,
9/13/17,0.55,,
9/12/17,0.58,,
9/11/17,0.65,,
9/8/17,0.73,,
9/7/17,0.55,,
9/6/17,0.56,,
9/5/17,0.67,,
9/1/17,0.56,,
8/31/17,0.57,,
8/30/17,0.57,,
8/29/17,0.61,,
8/28/17,0.55,,
8/25/17,0.69,,
8/24/17,0.69,,
8/23/17,0.58,,
8/22/17,0.55,,
8/21/17,0.57,,
8/18/17,0.82,,
8/17/17,0.78,,
8/16/17,0.62,,
8/15/17,0.68,,
8/14/17,0.59,,
8/11/17,0.94,,
8/10/17,0.88,,
8/9/17,0.83,,
8/8/17,0.67,,
8/7/17,0.77,,
8/4/17,0.66,,
8/3/17,0.71,,
8/2/17,0.75,,
8/1/17,0.64,,
7/31/17,0.62,,
7/28/17,0.63,,
7/27/17,0.71,,
7/26/17,0.65,,
7/25/17,0.61,,
7/24/17,0.68,,
7/21/17,0.56,,
7/20/17,0.53,,
7/19/17,0.56,,
7/18/17,0.62,,
7/17/17,0.63,,
7/14/17,0.53,,
7/13/17,0.62,,
7/12/17,0.6,,
7/11/17,0.69,,
7/10/17,0.64,,
7/7/17,0.66,,
7/6/17,0.65,,
7/5/17,0.61,,
7/3/17,0.55,,
6/30/17,0.67,,
6/29/17,0.69,,
6/28/17,0.68,,
6/27/17,0.6,,
6/26/17,0.64,,
6/23/17,0.58,,
6/22/17,0.5,,
6/21/17,0.59,,
6/20/17,0.72,,
6/19/17,0.58,,
6/16/17,0.67,,
6/15/17,0.8,,
6/14/17,0.67,,
6/13/17,0.64,,
6/12/17,0.68,,
6/9/17,0.72,,
6/8/17,0.55,,
6/7/17,0.58,,
6/6/17,0.59,,
6/5/17,0.51,,
6/2/17,0.6,,
6/1/17,0.66,,
5/31/17,0.63,,
5/30/17,0.68,,
5/26/17,0.64,,
5/25/17,0.59,,
5/24/17,0.62,,
5/23/17,0.6,,
5/22/17,0.54,,
5/19/17,0.62,,
5/18/17,0.7,,
5/17/17,0.73,,
5/16/17,0.54,,
5/15/17,0.55,,
5/12/17,0.57,,
5/11/17,0.65,,
5/10/17,0.62,,
5/9/17,0.63,,
5/8/17,0.6,,
5/5/17,0.64,,
5/4/17,0.77,,
5/3/17,0.69,,
5/2/17,0.61,,
5/1/17,0.62,,
4/28/17,0.68,,
4/27/17,0.72,,
4/26/17,0.63,,
4/25/17,0.61,,
4/24/17,0.61,,
4/21/17,0.67,,
4/20/17,0.68,,
4/19/17,0.7,,
4/18/17,0.62,,
4/17/17,0.63,,
4/13/17,0.96,,
4/12/17,0.69,,
4/11/17,0.79,,
4/10/17,0.62,,
4/7/17,0.67,,
4/6/17,0.66,,
4/5/17,0.61,,
4/4/17,0.62,,
4/3/17,0.67,,
3/31/17,0.56,,
3/30/17,0.58,,
3/29/17,0.54,,
3/28/17,0.6,,
3/27/17,0.58,,
3/24/17,0.69,,
3/23/17,0.67,,
3/22/17,0.73,,
3/21/17,0.79,,
3/20/17,0.64,,
3/17/17,0.61,,
3/16/17,0.57,,
3/15/17,0.61,,
3/14/17,0.73,,
3/13/17,0.7,,
3/10/17,0.57,,
3/9/17,0.72,,
3/8/17,0.62,,
3/7/17,0.54,,
3/6/17,0.67,,
3/3/17,0.7,,
3/2/17,0.56,,
3/1/17,0.53,,
2/28/17,0.7,,
2/27/17,0.63,,
2/24/17,0.72,,
2/23/17,0.62,,
2/22/17,0.6,,
2/21/17,0.61,,
2/17/17,0.59,,
2/16/17,0.54,,
2/15/17,0.58,,
2/14/17,0.53,,
2/13/17,0.61,,
2/10/17,0.7,,
2/9/17,0.58,,
2/8/17,0.69,,
2/7/17,0.7,,
2/6/17,0.75,,
2/3/17,0.68,,
2/2/17,0.64,,
2/1/17,0.71,,
1/31/17,0.7,,
1/30/17,0.82,,
1/27/17,0.73,,
1/26/17,0.65,,
1/25/17,0.61,,
1/24/17,0.65,,
1/23/17,0.72,,
1/20/17,0.7,,
1/19/17,0.56,,
1/18/17,0.67,,
1/17/17,0.65,,
1/13/17,0.63,,
1/12/17,0.68,,
1/11/17,0.63,,
1/10/17,0.64,,
1/9/17,0.62,,
1/6/17,0.68,,
1/5/17,0.69,,
1/4/17,0.64,,
1/3/17,0.69,,
12/30/16,0.76,,
12/29/16,0.62,,
12/28/16,0.61,,
12/27/16,0.62,,
12/23/16,0.66,,
12/22/16,0.67,,
12/21/16,0.77,,
12/20/16,0.63,,
12/19/16,0.71,,
12/16/16,0.62,,
12/15/16,0.59,,
12/14/16,0.58,,
12/13/16,0.54,,
12/12/16,0.57,,
12/9/16,0.53,,
12/8/16,0.5,,
12/7/16,0.46,,
12/6/16,0.58,,
12/5/16,0.63,,
12/2/16,0.67,,
12/1/16,0.66,,
11/30/16,0.54,,
11/29/16,0.62,,
11/28/16,0.57,,
11/25/16,0.61,,
11/23/16,0.6,,
11/22/16,0.63,,
11/21/16,0.57,,
11/18/16,0.68,,
11/17/16,0.65,,
11/16/16,0.63,,
11/15/16,0.51,,
11/14/16,0.57,,
11/10/16,0.6,,
11/9/16,0.61,,
11/8/16,0.69,,
11/7/16,0.68,,
11/4/16,0.7,,
11/3/16,0.74,,
11/2/16,0.99,,
11/1/16,0.86,,
10/31/16,0.75,,
10/28/16,0.78,,
10/27/16,0.55,,
10/26/16,0.73,,
10/25/16,0.69,,
10/24/16,0.59,,
10/21/16,0.56,,
10/20/16,0.53,,
10/19/16,0.59,,
10/18/16,0.69,,
10/17/16,0.62,,
10/14/16,0.68,,
10/13/16,0.71,,
10/12/16,0.64,,
10/11/16,0.75,,
10/7/16,0.68,,
10/6/16,0.71,,
10/5/16,0.58,,
10/4/16,0.51,,
10/3/16,0.64,,
9/30/16,0.61,,
9/29/16,0.74,,
9/28/16,0.65,,
9/27/16,0.62,,
9/26/16,0.73,,
9/23/16,0.65,,
9/22/16,0.57,,
9/21/16,0.63,,
9/20/16,0.66,,
9/19/16,0.56,,
9/16/16,0.65,,
9/15/16,0.7,,
9/14/16,0.55,,
9/13/16,0.75,,
9/12/16,0.64,,
9/9/16,0.78,,
9/8/16,0.61,,
9/7/16,0.57,,
9/6/16,0.5,,
9/2/16,0.61,,
9/1/16,0.7,,
8/31/16,0.7,,
8/30/16,0.63,,
8/29/16,0.6,,
8/26/16,0.73,,
8/25/16,0.75,,
8/24/16,0.68,,
8/23/16,0.56,,
8/22/16,0.63,,
8/19/16,0.6,,
8/18/16,0.54,,
8/17/16,0.59,,
8/16/16,0.7,,
8/15/16,0.51,,
8/12/16,0.55,,
8/11/16,0.61,,
8/10/16,0.62,,
8/9/16,0.61,,
8/8/16,0.58,,
8/5/16,0.52,,
8/4/16,0.65,,
8/3/16,0.59,,
8/2/16,0.72,,
8/1/16,0.72,,
7/29/16,0.62,,
7/28/16,0.62,,
7/27/16,0.66,,
7/26/16,0.76,,
7/25/16,0.71,,
7/22/16,0.59,,
7/21/16,0.61,,
7/20/16,0.57,,
7/19/16,0.67,,
7/18/16,0.69,,
7/15/16,0.52,,
7/14/16,0.53,,
7/13/16,0.56,,
7/12/16,0.59,,
7/11/16,0.58,,
7/8/16,0.52,,
7/7/16,0.6,,
7/6/16,0.76,,
7/5/16,0.73,,
7/1/16,0.57,,
6/30/16,0.65,,
6/29/16,0.58,,
6/28/16,0.59,,
6/27/16,0.81,,
6/24/16,1.01,,
6/23/16,0.61,,
6/22/16,0.77,,
6/21/16,0.64,,
6/20/16,0.6,,
6/17/16,0.63,,
6/16/16,0.77,,
6/15/16,0.68,,
6/14/16,0.79,,
6/13/16,0.75,,
6/10/16,0.81,,
6/9/16,0.72,,
6/8/16,0.59,,
6/7/16,0.61,,
6/6/16,0.59,,
6/3/16,0.59,,
6/2/16,0.69,,
6/1/16,0.55,,
5/31/16,0.58,,
5/27/16,0.51,,
5/26/16,0.55,,
5/25/16,0.62,,
5/24/16,0.6,,
5/23/16,0.65,,
5/20/16,0.78,,
5/19/16,0.8,,
5/18/16,0.75,,
5/17/16,0.81,,
5/16/16,0.6,,
5/13/16,0.84,,
5/12/16,0.8,,
5/11/16,0.8,,
5/10/16,0.91,,
5/9/16,0.86,,
5/6/16,0.92,,
5/5/16,0.8,,
5/4/16,0.8,,
5/3/16,0.77,,
5/2/16,0.74,,
4/29/16,0.86,,
4/28/16,0.77,,
4/27/16,0.55,,
4/26/16,0.53,,
4/25/16,0.7,,
4/22/16,0.61,,
4/21/16,0.85,,
4/20/16,0.68,,
4/19/16,0.67,,
4/18/16,0.69,,
4/15/16,0.63,,
4/14/16,0.68,,
4/13/16,0.61,,
4/12/16,0.72,,
4/11/16,0.65,,
4/8/16,0.75,,
4/7/16,0.68,,
4/6/16,0.61,,
4/5/16,0.69,,
4/4/16,0.65,,
4/1/16,0.63,,
3/31/16,0.68,,
3/30/16,0.62,,
3/29/16,0.61,,
3/28/16,0.66,,
3/24/16,0.82,,
3/23/16,0.84,,
3/22/16,0.88,,
3/21/16,0.71,,
3/18/16,0.55,,
3/17/16,0.63,,
3/16/16,0.71,,
3/15/16,0.85,,
3/14/16,0.69,,
3/11/16,0.6,,
3/10/16,0.74,,
3/9/16,0.68,,
3/8/16,0.9,,
3/7/16,0.67,,
3/4/16,0.59,,
3/3/16,0.55,,
3/2/16,0.64,,
3/1/16,0.68,,
2/29/16,0.6,,
2/26/16,0.64,,
2/25/16,0.62,,
2/24/16,0.71,,
2/23/16,0.71,,
2/22/16,0.58,,
2/19/16,0.87,,
2/18/16,0.75,,
2/17/16,0.68,,
2/16/16,0.8,,
2/12/16,0.71,,
2/11/16,0.96,,
2/10/16,0.78,,
2/9/16,0.76,,
2/8/16,0.93,,
2/5/16,0.92,,
2/4/16,0.75,,
2/3/16,0.82,,
2/2/16,0.76,,
2/1/16,0.63,,
1/29/16,0.58,,
1/28/16,0.62,,
1/27/16,0.71,,
1/26/16,0.62,,
1/25/16,0.69,,
1/22/16,0.64,,
1/21/16,0.69,,
1/20/16,0.59,,
1/19/16,0.62,,
1/15/16,1.14,,
1/14/16,0.82,,
1/13/16,0.91,,
1/12/16,0.86,,
1/11/16,0.94,,
1/8/16,0.93,,
1/7/16,0.89,,
1/6/16,0.7,,
1/5/16,0.65,,
1/4/16,0.8,,
12/31/15,0.69,,
12/30/15,0.59,,
12/29/15,0.54,,
12/28/15,1.21,,
12/24/15,0.57,,
12/23/15,0.56,,
12/22/15,0.56,,
12/21/15,0.64,,
12/18/15,0.77,,
12/17/15,0.77,,
12/16/15,0.54,,
12/15/15,0.66,,
12/14/15,0.57,,
12/11/15,0.92,,
12/10/15,0.72,,
12/9/15,0.66,,
12/8/15,0.96,,
12/7/15,0.83,,
12/4/15,0.61,,
12/3/15,0.9,,
12/2/15,0.67,,
12/1/15,0.61,,
11/30/15,0.65,,
11/27/15,0.76,,
11/25/15,0.65,,
11/24/15,0.67,,
11/23/15,0.6,,
11/20/15,0.67,,
11/19/15,0.79,,
11/18/15,0.72,,
11/17/15,0.83,,
11/16/15,0.71,,
11/13/15,0.98,,
11/12/15,0.83,,
11/10/15,0.8,,
11/9/15,0.76,,
11/6/15,0.66,,
11/5/15,0.63,,
11/4/15,0.73,,
11/3/15,0.71,,
11/2/15,0.58,,
10/30/15,0.59,,
10/29/15,0.56,,
10/28/15,0.54,,
10/27/15,0.74,,
10/26/15,0.72,,
10/23/15,0.63,,
10/22/15,0.66,,
10/21/15,0.83,,
10/20/15,0.7,,
10/19/15,0.67,,
10/16/15,0.61,,
10/15/15,0.87,,
10/14/15,0.75,,
10/13/15,0.8,,
10/9/15,0.64,,
10/8/15,0.7,,
10/7/15,0.83,,
10/6/15,0.68,,
10/5/15,0.62,,
10/2/15,0.67,,
10/1/15,0.73,,
9/30/15,0.7,,
9/29/15,0.95,,
9/28/15,0.94,,
9/25/15,0.74,,
9/24/15,0.86,,
9/23/15,0.69,,
9/22/15,0.8,,
9/21/15,0.55,,
9/18/15,0.83,,
9/17/15,0.74,,
9/16/15,0.73,,
9/15/15,0.87,,
9/14/15,0.91,,
9/11/15,0.81,,
9/10/15,0.77,,
9/9/15,0.71,,
9/8/15,0.66,,
9/4/15,0.89,,
9/3/15,0.68,,
9/2/15,0.73,,
9/1/15,0.74,,
8/31/15,0.66,,
8/28/15,0.72,,
8/27/15,0.76,,
8/26/15,0.85,,
8/25/15,0.7,,
8/24/15,0.87,,
8/21/15,1.04,,
8/20/15,0.82,,
8/19/15,0.81,,
8/18/15,0.66,,
8/17/15,0.69,,
8/14/15,0.67,,
8/13/15,0.74,,
8/12/15,0.83,,
8/11/15,0.79,,
8/10/15,0.66,,
8/7/15,0.83,,
8/6/15,0.82,,
8/5/15,0.77,,
8/4/15,0.75,,
8/3/15,0.73,,
7/31/15,0.68,,
7/30/15,0.5,,
7/29/15,0.62,,
7/28/15,0.62,,
7/27/15,0.74,,
7/24/15,0.86,,
7/23/15,0.78,,
7/22/15,0.61,,
7/21/15,0.69,,
7/20/15,0.56,,
7/17/15,0.55,,
7/16/15,0.71,,
7/15/15,0.68,,
7/14/15,0.63,,
7/13/15,0.55,,
7/10/15,0.67,,
7/9/15,0.69,,
7/8/15,0.87,,
7/7/15,0.78,,
7/6/15,0.65,,
7/2/15,0.7,,
7/1/15,0.62,,
6/30/15,0.84,,
6/29/15,0.94,,
6/26/15,0.74,,
6/25/15,0.65,,
6/24/15,0.52,,
6/23/15,0.61,,
6/22/15,0.56,,
6/19/15,0.63,,
6/18/15,0.64,,
6/17/15,0.55,,
6/16/15,0.64,,
6/15/15,0.66,,
6/12/15,0.67,,
6/11/15,0.59,,
6/10/15,0.46,,
6/9/15,0.63,,
6/8/15,0.61,,
6/5/15,0.61,,
6/4/15,0.61,,
6/3/15,0.51,,
6/2/15,0.54,,
6/1/15,0.66,,
5/29/15,0.57,,
5/28/15,0.71,,
5/27/15,0.58,,
5/26/15,0.74,,
5/22/15,0.64,,
5/21/15,0.71,,
5/20/15,0.58,,
5/19/15,0.59,,
5/18/15,0.66,,
5/15/15,0.56,,
5/14/15,0.6,,
5/13/15,0.56,,
5/12/15,0.64,,
5/11/15,0.61,,
5/8/15,0.55,,
5/7/15,0.69,,
5/6/15,0.73,,
5/5/15,0.74,,
5/4/15,0.55,,
5/1/15,0.61,,
4/30/15,0.72,,
4/29/15,0.69,,
4/28/15,0.64,,
4/27/15,0.65,,
4/24/15,0.6,,
4/23/15,0.66,,
4/22/15,0.57,,
4/21/15,0.64,,
4/20/15,0.56,,
4/17/15,0.74,,
4/16/15,0.67,,
4/15/15,0.59,,
4/14/15,0.66,,
4/13/15,0.59,,
4/10/15,0.54,,
4/9/15,0.6,,
4/8/15,0.6,,
4/7/15,0.59,,
4/6/15,0.5,,
4/2/15,0.81,,
4/1/15,0.76,,
3/31/15,0.65,,
3/30/15,0.53,,
3/27/15,0.79,,
3/26/15,0.58,,
3/25/15,0.69,,
3/24/15,0.7,,
3/23/15,0.56,,
3/20/15,0.57,,
3/19/15,0.59,,
3/18/15,0.65,,
3/17/15,0.74,,
3/16/15,0.69,,
3/13/15,0.8,,
3/12/15,0.65,,
3/11/15,0.67,,
3/10/15,0.67,,
3/9/15,0.65,,
3/6/15,0.67,,
3/5/15,0.64,,
3/4/15,0.61,,
3/3/15,0.66,,
3/2/15,0.57,,
2/27/15,0.64,,
2/26/15,0.65,,
2/25/15,0.64,,
2/24/15,0.57,,
2/23/15,0.62,,
2/20/15,0.53,,
2/19/15,0.55,,
2/18/15,0.58,,
2/17/15,0.58,,
2/13/15,0.56,,
2/12/15,0.55,,
2/11/15,0.63,,
2/10/15,0.66,,
2/9/15,0.75,,
2/6/15,0.69,,
2/5/15,0.66,,
2/4/15,0.59,,
2/3/15,0.54,,
2/2/15,0.76,,
1/30/15,0.68,,
1/29/15,0.79,,
1/28/15,0.67,,
1/27/15,0.76,,
1/26/15,0.66,,
1/23/15,0.7,,
1/22/15,0.58,,
1/21/15,0.6,,
1/20/15,0.61,,
1/16/15,0.68,,
1/15/15,0.72,,
1/14/15,0.75,,
1/13/15,0.66,,
1/12/15,0.68,,
1/9/15,0.64,,
1/8/15,0.54,,
1/7/15,0.73,,
1/6/15,0.59,,
1/5/15,0.79,,
1/2/15,0.8,,
12/31/14,0.56,,
12/30/14,0.66,,
12/29/14,0.64,,
12/26/14,0.55,,
12/24/14,0.6,,
12/23/14,0.52,,
12/22/14,0.49,,
12/19/14,0.59,,
12/18/14,0.58,,
12/17/14,0.71,,
12/16/14,0.74,,
12/15/14,0.75,,
12/12/14,0.79,,
12/11/14,0.72,,
12/10/14,0.74,,
12/9/14,0.78,,
12/8/14,0.62,,
12/5/14,0.5,,
12/4/14,0.66,,
12/3/14,0.65,,
12/2/14,0.65,,
12/1/14,0.62,,
11/28/14,0.65,,
11/26/14,0.63,,
11/25/14,0.62,,
11/24/14,0.54,,
11/21/14,0.49,,
11/20/14,0.55,,
11/19/14,0.6,,
11/18/14,0.47,,
11/17/14,0.56,,
11/14/14,0.53,,
11/13/14,0.57,,
11/12/14,0.61,,
11/10/14,0.67,,
11/7/14,0.57,,
11/6/14,0.69,,
11/5/14,0.63,,
11/4/14,0.67,,
11/3/14,0.61,,
10/31/14,0.5,,
10/30/14,0.58,,
10/29/14,0.72,,
10/28/14,0.67,,
10/27/14,0.66,,
10/24/14,0.63,,
10/23/14,0.61,,
10/22/14,0.74,,
10/21/14,0.6,,
10/20/14,0.59,,
10/17/14,0.71,,
10/16/14,0.64,,
10/15/14,0.76,,
10/14/14,0.78,,
10/10/14,0.87,,
10/9/14,0.75,,
10/8/14,0.66,,
10/7/14,0.63,,
10/6/14,0.63,,
10/3/14,0.54,,
10/2/14,0.62,,
10/1/14,0.78,,
9/30/14,0.65,,
9/29/14,0.7,,
9/26/14,0.71,,
9/25/14,0.77,,
9/24/14,0.63,,
9/23/14,0.66,,
9/22/14,0.69,,
9/19/14,0.55,,
9/18/14,0.62,,
9/17/14,0.58,,
9/16/14,0.64,,
9/15/14,0.61,,
9/12/14,0.58,,
9/11/14,0.64,,
9/10/14,0.58,,
9/9/14,0.59,,
9/8/14,0.61,,
9/5/14,0.62,,
9/4/14,0.65,,
9/3/14,0.65,,
9/2/14,0.63,,
8/29/14,0.56,,
8/28/14,0.62,,
8/27/14,0.62,,
8/26/14,0.53,,
8/25/14,0.64,,
8/22/14,0.56,,
8/21/14,0.51,,
8/20/14,0.56,,
8/19/14,0.58,,
8/18/14,0.5,,
8/15/14,0.63,,
8/14/14,0.6,,
8/13/14,0.65,,
8/12/14,0.67,,
8/11/14,0.57,,
8/8/14,0.65,,
8/7/14,0.65,,
8/6/14,0.8,,
8/5/14,0.74,,
8/4/14,0.63,,
8/1/14,1.04,,
7/31/14,0.64,,
7/30/14,0.57,,
7/29/14,0.6,,
7/28/14,0.59,,
7/25/14,0.62,,
7/24/14,0.58,,
7/23/14,0.59,,
7/22/14,0.59,,
7/21/14,0.62,,
7/18/14,0.56,,
7/17/14,0.67,,
7/16/14,0.5,,
7/15/14,0.58,,
7/14/14,0.58,,
7/11/14,0.54,,
7/10/14,0.67,,
7/9/14,0.54,,
7/8/14,0.63,,
7/7/14,0.61,,
7/3/14,0.49,,
7/2/14,0.57,,
7/1/14,0.51,,
6/30/14,0.5,,
6/27/14,0.52,,
6/26/14,0.58,,
6/25/14,0.49,,
6/24/14,0.52,,
6/23/14,0.54,,
6/20/14,0.52,,
6/19/14,0.47,,
6/18/14,0.38,,
6/17/14,0.49,,
6/16/14,0.48,,
6/13/14,0.56,,
6/12/14,0.51,,
6/11/14,0.5,,
6/10/14,0.52,,
6/9/14,0.48,,
6/6/14,0.47,,
6/5/14,0.5,,
6/4/14,0.43,,
6/3/14,0.58,,
6/2/14,0.62,,
5/30/14,0.56,,
5/29/14,0.52,,
5/28/14,0.56,,
5/27/14,0.53,,
5/23/14,0.58,,
5/22/14,0.71,,
5/21/14,0.68,,
5/20/14,0.66,,
5/19/14,0.54,,
5/16/14,0.68,,
5/15/14,0.69,,
5/14/14,0.72,,
5/13/14,0.61,,
5/12/14,0.53,,
5/9/14,0.72,,
5/8/14,0.66,,
5/7/14,0.67,,
5/6/14,0.68,,
5/5/14,0.65,,
5/2/14,0.65,,
5/1/14,0.56,,
4/30/14,0.54,,
4/29/14,0.61,,
4/28/14,0.69,,
4/25/14,0.71,,
4/24/14,0.61,,
4/23/14,0.69,,
4/22/14,0.48,,
4/21/14,0.47,,
4/17/14,0.57,,
4/16/14,0.53,,
4/15/14,0.59,,
4/14/14,0.61,,
4/11/14,0.75,,
4/10/14,0.7,,
4/9/14,0.45,,
4/8/14,0.56,,
4/7/14,0.62,,
4/4/14,0.65,,
4/3/14,0.59,,
4/2/14,0.51,,
4/1/14,0.47,,
3/31/14,0.57,,
3/28/14,0.64,,
3/27/14,0.57,,
3/26/14,0.64,,
3/25/14,0.53,,
3/24/14,0.66,,
3/21/14,0.62,,
3/20/14,0.55,,
3/19/14,0.53,,
3/18/14,0.55,,
3/17/14,0.57,,
3/14/14,0.69,,
3/13/14,0.69,,
3/12/14,0.71,,
3/11/14,0.58,,
3/10/14,0.67,,
3/7/14,0.55,,
3/6/14,0.53,,
3/5/14,0.46,,
3/4/14,0.48,,
3/3/14,0.62,,
2/28/14,0.63,,
2/27/14,0.58,,
2/26/14,0.57,,
2/25/14,0.57,,
2/24/14,0.55,,
2/21/14,0.55,,
2/20/14,0.58,,
2/19/14,0.55,,
2/18/14,0.61,,
2/14/14,0.57,,
2/13/14,0.57,,
2/12/14,0.64,,
2/11/14,0.55,,
2/10/14,0.71,,
2/7/14,0.68,,
2/6/14,0.61,,
2/5/14,0.62,,
2/4/14,0.6,,
2/3/14,0.61,,
1/31/14,0.66,,
1/30/14,0.54,,
1/29/14,0.62,,
1/28/14,0.53,,
1/27/14,0.53,,
1/24/14,0.69,,
1/23/14,0.65,,
1/22/14,0.52,,
1/21/14,0.57,,
1/17/14,0.53,,
1/16/14,0.57,,
1/15/14,0.48,,
1/14/14,0.52,,
1/13/14,0.61,,
1/10/14,0.53,,
1/9/14,0.55,,
1/8/14,0.5,,
1/7/14,0.47,,
1/6/14,0.52,,
1/3/14,0.54,,
1/2/14,0.56,,
12/31/13,0.46,,
12/30/13,0.49,,
12/27/13,0.54,,
12/26/13,0.59,,
12/24/13,0.46,,
12/23/13,0.49,,
12/20/13,0.5,,
12/19/13,0.52,,
12/18/13,0.62,,
12/17/13,0.53,,
12/16/13,0.5,,
12/13/13,0.67,,
12/12/13,0.53,,
12/11/13,0.62,,
12/10/13,0.58,,
12/9/13,0.62,,
12/6/13,0.53,,
12/5/13,0.52,,
12/4/13,0.56,,
12/3/13,0.61,,
12/2/13,0.51,,
11/29/13,0.48,,
11/27/13,0.6,,
11/26/13,0.54,,
11/25/13,0.54,,
11/22/13,0.6,,
11/21/13,0.48,,
11/20/13,0.63,,
11/19/13,0.69,,
11/18/13,0.58,,
11/15/13,0.55,,
11/14/13,0.59,,
11/13/13,0.56,,
11/12/13,0.55,,
11/8/13,0.51,,
11/7/13,0.57,,
11/6/13,0.58,,
11/5/13,0.57,,
11/4/13,0.54,,
11/1/13,0.61,,
10/31/13,0.57,,
10/30/13,0.6,,
10/29/13,0.52,,
10/28/13,0.53,,
10/25/13,0.64,,
10/24/13,0.6,,
10/23/13,0.58,,
10/22/13,0.54,,
10/21/13,0.53,,
10/18/13,0.46,,
10/17/13,0.54,,
10/16/13,0.54,,
10/15/13,0.66,,
10/11/13,0.6,,
10/10/13,0.63,,
10/9/13,0.69,,
10/8/13,0.72,,
10/7/13,0.6,,
10/4/13,0.59,,
10/3/13,0.69,,
10/2/13,0.61,,
10/1/13,0.53,,
9/30/13,0.76,,
9/27/13,0.7,,
9/26/13,0.49,,
9/25/13,0.62,,
9/24/13,0.56,,
9/23/13,0.7,,
9/20/13,0.6,,
9/19/13,0.57,,
9/18/13,0.53,,
9/17/13,0.57,,
9/16/13,0.57,,
9/13/13,0.6,,
9/12/13,0.63,,
9/11/13,0.61,,
9/10/13,0.48,,
9/9/13,0.45,,
9/6/13,0.5,,
9/5/13,0.52,,
9/4/13,0.54,,
9/3/13,0.54,,
8/30/13,0.67,,
8/29/13,0.6,,
8/28/13,0.55,,
8/27/13,0.68,,
8/26/13,0.61,,
8/23/13,0.6,,
8/22/13,0.55,,
8/21/13,0.64,,
8/20/13,0.61,,
8/19/13,0.54,,
8/16/13,0.6,,
8/15/13,0.66,,
8/14/13,0.53,,
8/13/13,0.49,,
8/12/13,0.55,,
8/9/13,0.58,,
8/8/13,0.58,,
8/7/13,0.63,,
8/6/13,0.63,,
8/5/13,0.59,,
8/2/13,0.58,,
8/1/13,0.55,,
7/31/13,0.6,,
7/30/13,0.56,,
7/29/13,0.6,,
7/26/13,0.64,,
7/25/13,0.59,,
7/24/13,0.65,,
7/23/13,0.66,,
7/22/13,0.67,,
7/19/13,0.54,,
7/18/13,0.5,,
7/17/13,0.62,,
7/16/13,0.64,,
7/15/13,0.53,,
7/12/13,0.67,,
7/11/13,0.57,,
7/10/13,0.57,,
7/9/13,0.54,,
7/8/13,0.69,,
7/5/13,0.6,,
7/3/13,0.76,,
7/2/13,0.65,,
7/1/13,0.6,,
6/28/13,0.66,,
6/27/13,0.71,,
6/26/13,0.67,,
6/25/13,0.59,,
6/24/13,0.65,,
6/21/13,0.82,,
6/20/13,0.79,,
6/19/13,0.66,,
6/18/13,0.54,,
6/17/13,0.65,,
6/14/13,0.73,,
6/13/13,0.63,,
6/12/13,0.75,,
6/11/13,0.81,,
6/10/13,0.59,,
6/7/13,0.67,,
6/6/13,0.63,,
6/5/13,0.73,,
6/4/13,0.67,,
6/3/13,0.63,,
5/31/13,0.66,,
5/30/13,0.48,,
5/29/13,0.64,,
5/28/13,0.58,,
5/24/13,0.73,,
5/23/13,0.67,,
5/22/13,0.67,,
5/21/13,0.54,,
5/20/13,0.52,,
5/17/13,0.5,,
5/16/13,0.54,,
5/15/13,0.52,,
5/14/13,0.52,,
5/13/13,0.6,,
5/10/13,0.59,,
5/9/13,0.58,,
5/8/13,0.66,,
5/7/13,0.63,,
5/6/13,0.53,,
5/3/13,0.61,,
5/2/13,0.55,,
5/1/13,0.68,,
4/30/13,0.62,,
4/29/13,0.58,,
4/26/13,0.65,,
4/25/13,0.61,,
4/24/13,0.58,,
4/23/13,0.66,,
4/22/13,0.66,,
4/19/13,0.85,,
4/18/13,0.75,,
4/17/13,0.79,,
4/16/13,0.7,,
4/15/13,0.7,,
4/12/13,0.7,,
4/11/13,0.62,,
4/10/13,0.58,,
4/9/13,0.6,,
4/8/13,0.58,,
4/5/13,0.7,,
4/4/13,0.73,,
4/3/13,0.76,,
4/2/13,0.64,,
4/1/13,0.7,,
3/28/13,0.62,,
3/27/13,0.68,,
3/26/13,0.62,,
3/25/13,0.72,,
3/22/13,0.69,,
3/21/13,0.64,,
3/20/13,0.59,,
3/19/13,0.72,,
3/18/13,0.65,,
3/15/13,0.56,,
3/14/13,0.64,,
3/13/13,0.62,,
3/12/13,0.61,,
3/11/13,0.65,,
3/8/13,0.62,,
3/7/13,0.59,,
3/6/13,0.54,,
3/5/13,0.65,,
3/4/13,0.67,,
3/1/13,0.74,,
2/28/13,0.67,,
2/27/13,0.63,,
2/26/13,0.75,,
2/25/13,0.73,,
2/22/13,0.59,,
2/21/13,0.72,,
2/20/13,0.72,,
2/19/13,0.58,,
2/15/13,0.59,,
2/14/13,0.62,,
2/13/13,0.65,,
2/12/13,0.61,,
2/11/13,0.56,,
2/8/13,0.57,,
2/7/13,0.66,,
2/6/13,0.6,,
2/5/13,0.59,,
2/4/13,0.69,,
2/1/13,0.57,,
1/31/13,0.73,,
1/30/13,0.67,,
1/29/13,0.68,,
1/28/13,0.76,,
1/25/13,0.64,,
1/24/13,0.65,,
1/23/13,0.69,,
1/22/13,0.68,,
1/18/13,0.54,,
1/17/13,0.61,,
1/16/13,0.75,,
1/15/13,0.67,,
1/14/13,0.52,,
1/11/13,0.63,,
1/10/13,0.66,,
1/9/13,0.61,,
1/8/13,0.78,,
1/7/13,0.68,,
1/4/13,0.64,,
1/3/13,0.53,,
1/2/13,0.55,,
12/31/12,0.62,,
12/28/12,0.64,,
12/27/12,0.68,,
12/26/12,0.74,,
12/24/12,0.65,,
12/21/12,0.71,,
12/20/12,0.64,,
12/19/12,0.64,,
12/18/12,0.51,,
12/17/12,0.6,,
12/14/12,0.7,,
12/13/12,0.61,,
12/12/12,0.61,,
12/11/12,0.59,,
12/10/12,0.62,,
12/7/12,0.64,,
12/6/12,0.67,,
12/5/12,0.6,,
12/4/12,0.81,,
12/3/12,0.57,,
11/30/12,0.73,,
11/29/12,0.62,,
11/28/12,0.6,,
11/27/12,0.58,,
11/26/12,0.64,,
11/23/12,0.59,,
11/21/12,0.61,,
11/20/12,0.67,,
11/19/12,0.56,,
11/16/12,0.81,,
11/15/12,0.83,,
11/14/12,0.78,,
11/13/12,0.72,,
11/9/12,0.82,,
11/8/12,0.8,,
11/7/12,0.76,,
11/6/12,0.63,,
11/5/12,0.61,,
11/2/12,0.77,,
11/1/12,0.6,,
10/31/12,0.68,,
10/26/12,0.77,,
10/25/12,0.76,,
10/24/12,0.71,,
10/23/12,0.86,,
10/22/12,0.67,,
10/19/12,0.8,,
10/18/12,0.65,,
10/17/12,0.59,,
10/16/12,0.61,,
10/15/12,0.73,,
10/12/12,0.74,,
10/11/12,0.65,,
10/10/12,0.71,,
10/9/12,0.73,,
10/5/12,0.67,,
10/4/12,0.58,,
10/3/12,0.71,,
10/2/12,0.55,,
10/1/12,0.63,,
9/28/12,0.76,,
9/27/12,0.6,,
9/26/12,0.75,,
9/25/12,0.73,,
9/24/12,0.61,,
9/21/12,0.62,,
9/20/12,0.75,,
9/19/12,0.56,,
9/18/12,0.62,,
9/17/12,0.64,,
9/14/12,0.53,,
9/13/12,0.54,,
9/12/12,0.57,,
9/11/12,0.54,,
9/10/12,0.66,,
9/7/12,0.54,,
9/6/12,0.59,,
9/5/12,0.67,,
9/4/12,0.75,,
8/31/12,0.67,,
8/30/12,0.84,,
8/29/12,0.79,,
8/28/12,0.61,,
8/27/12,0.69,,
8/24/12,0.68,,
8/23/12,0.74,,
8/22/12,0.65,,
8/21/12,0.67,,
8/20/12,0.62,,
8/17/12,0.54,,
8/16/12,0.69,,
8/15/12,0.62,,
8/14/12,0.66,,
8/13/12,0.56,,
8/10/12,0.7,,
8/9/12,0.62,,
8/8/12,0.58,,
8/7/12,0.55,,
8/6/12,0.63,,
8/3/12,0.6,,
8/2/12,0.78,,
8/1/12,0.72,,
7/31/12,0.68,,
7/30/12,0.66,,
7/27/12,0.64,,
7/26/12,0.71,,
7/25/12,0.71,,
7/24/12,0.66,,
7/23/12,0.7,,
7/20/12,0.75,,
7/19/12,0.68,,
7/18/12,0.66,,
7/17/12,0.67,,
7/16/12,0.67,,
7/13/12,0.64,,
7/12/12,0.7,,
7/11/12,0.81,,
7/10/12,0.72,,
7/9/12,0.78,,
7/6/12,0.75,,
7/5/12,0.64,,
7/3/12,0.65,,
7/2/12,0.72,,
6/29/12,0.69,,
6/28/12,0.75,,
6/27/12,0.65,,
6/26/12,0.73,,
6/25/12,0.78,,
6/22/12,0.61,,
6/21/12,0.8,,
6/20/12,0.65,,
6/19/12,0.59,,
6/18/12,0.57,,
6/15/12,0.69,,
6/14/12,0.83,,
6/13/12,0.92,,
6/12/12,0.72,,
6/11/12,0.81,,
6/8/12,0.78,,
6/7/12,0.64,,
6/6/12,0.67,,
6/5/12,0.7,,
6/4/12,0.77,,
6/1/12,0.81,,
5/31/12,0.8,,
5/30/12,0.77,,
5/29/12,0.67,,
5/25/12,0.66,,
5/24/12,0.74,,
5/23/12,0.74,,
5/22/12,0.64,,
5/21/12,0.54,,
5/18/12,0.99,,
5/17/12,0.89,,
5/16/12,0.89,,
5/15/12,0.81,,
5/14/12,0.86,,
5/11/12,0.71,,
5/10/12,0.7,,
5/9/12,0.67,,
5/8/12,0.74,,
5/7/12,0.66,,
5/4/12,0.72,,
5/3/12,0.79,,
5/2/12,0.75,,
5/1/12,0.54,,
4/30/12,0.66,,
4/27/12,0.6,,
4/26/12,0.62,,
4/25/12,0.48,,
4/24/12,0.67,,
4/23/12,0.6,,
4/20/12,0.64,,
4/19/12,0.66,,
4/18/12,0.59,,
4/17/12,0.58,,
4/16/12,0.7,,
4/13/12,0.74,,
4/12/12,0.51,,
4/11/12,0.66,,
4/10/12,0.7,,
4/9/12,0.7,,
4/5/12,0.6,,
4/4/12,0.67,,
4/3/12,0.59,,
4/2/12,0.53,,
3/30/12,0.59,,
3/29/12,0.67,,
3/28/12,0.72,,
3/27/12,0.57,,
3/26/12,0.74,,
3/23/12,0.62,,
3/22/12,0.69,,
3/21/12,0.56,,
3/20/12,0.53,,
3/19/12,0.51,,
3/16/12,0.47,,
3/15/12,0.52,,
3/14/12,0.56,,
3/13/12,0.61,,
3/12/12,0.7,,
3/9/12,0.63,,
3/8/12,0.62,,
3/7/12,0.63,,
3/6/12,0.79,,
3/5/12,0.73,,
3/2/12,0.62,,
3/1/12,0.65,,
2/29/12,0.67,,
2/28/12,0.57,,
2/27/12,0.65,,
2/24/12,0.69,,
2/23/12,0.68,,
2/22/12,0.64,,
2/21/12,0.62,,
2/17/12,0.51,,
2/16/12,0.63,,
2/15/12,0.65,,
2/14/12,0.61,,
2/13/12,0.53,,
2/10/12,0.77,,
2/9/12,0.59,,
2/8/12,0.54,,
2/7/12,0.57,,
2/6/12,0.57,,
2/3/12,0.52,,
2/2/12,0.63,,
2/1/12,0.62,,
1/31/12,0.61,,
1/30/12,0.68,,
1/27/12,0.6,,
1/26/12,0.65,,
1/25/12,0.57,,
1/24/12,0.63,,
1/23/12,0.65,,
1/20/12,0.52,,
1/19/12,0.47,,
1/18/12,0.55,,
1/17/12,0.59,,
1/13/12,0.61,,
1/12/12,0.57,,
1/11/12,0.55,,
1/10/12,0.57,,
1/9/12,0.65,,
1/6/12,0.62,,
1/5/12,0.62,,
1/4/12,0.76,,
1/3/12,0.55,,
12/30/11,0.55,,
12/29/11,0.71,,
12/28/11,0.7,,
12/27/11,0.71,,
12/23/11,0.64,,
12/22/11,0.68,,
12/21/11,0.73,,
12/20/11,0.53,,
12/19/11,0.61,,
12/16/11,0.91,,
12/15/11,0.95,,
12/14/11,0.79,,
12/13/11,0.79,,
12/12/11,0.6,,
12/9/11,0.71,,
12/8/11,0.78,,
12/7/11,0.74,,
12/6/11,0.76,,
12/5/11,0.69,,
12/2/11,0.59,,
12/1/11,0.65,,
11/30/11,0.55,,
11/29/11,0.63,,
11/28/11,0.65,,
11/25/11,0.77,,
11/23/11,0.72,,
11/22/11,0.67,,
11/21/11,0.67,,
11/18/11,0.91,,
11/17/11,0.83,,
11/16/11,0.75,,
11/15/11,0.7,,
11/14/11,0.77,,
11/10/11,0.75,,
11/9/11,0.92,,
11/8/11,0.64,,
11/7/11,0.66,,
11/4/11,0.81,,
11/3/11,0.64,,
11/2/11,0.66,,
11/1/11,0.9,,
10/31/11,0.77,,
10/28/11,0.56,,
10/27/11,0.51,,
10/26/11,0.71,,
10/25/11,0.77,,
10/24/11,0.52,,
10/21/11,0.5,,
10/20/11,0.74,,
10/19/11,0.72,,
10/18/11,0.62,,
10/17/11,0.71,,
10/14/11,0.6,,
10/13/11,0.72,,
10/12/11,0.63,,
10/11/11,0.78,,
10/7/11,0.69,,
10/6/11,0.69,,
10/5/11,0.69,,
10/4/11,0.78,,
10/3/11,0.85,,
9/30/11,0.8,,
9/29/11,0.81,,
9/28/11,0.83,,
9/27/11,0.62,,
9/26/11,0.59,,
9/23/11,0.65,,
9/22/11,0.87,,
9/21/11,0.8,,
9/20/11,0.63,,
9/19/11,0.62,,
9/16/11,0.67,,
9/15/11,0.69,,
9/14/11,0.65,,
9/13/11,0.73,,
9/12/11,0.72,,
9/9/11,0.86,,
9/8/11,0.72,,
9/7/11,0.62,,
9/6/11,0.76,,
9/2/11,0.84,,
9/1/11,0.69,,
8/31/11,0.65,,
8/30/11,0.71,,
8/29/11,0.53,,
8/26/11,0.73,,
8/25/11,0.77,,
8/24/11,0.67,,
8/23/11,0.68,,
8/22/11,0.73,,
8/19/11,1.04,,
8/18/11,0.97,,
8/17/11,0.83,,
8/16/11,0.74,,
8/15/11,0.7,,
8/12/11,0.77,,
8/11/11,0.63,,
8/10/11,0.81,,
8/9/11,0.89,,
8/8/11,1.08,,
8/5/11,0.93,,
8/4/11,0.96,,
8/3/11,0.79,,
8/2/11,0.69,,
8/1/11,0.77,,
7/29/11,0.78,,
7/28/11,0.7,,
7/27/11,0.67,,
7/26/11,0.59,,
7/25/11,0.61,,
7/22/11,0.62,,
7/21/11,0.57,,
7/20/11,0.62,,
7/19/11,0.52,,
7/18/11,0.7,,
7/15/11,0.64,,
7/14/11,0.84,,
7/13/11,0.66,,
7/12/11,0.7,,
7/11/11,0.73,,
7/8/11,0.58,,
7/7/11,0.56,,
7/6/11,0.71,,
7/5/11,0.64,,
7/1/11,0.56,,
6/30/11,0.54,,
6/29/11,0.56,,
6/28/11,0.58,,
6/27/11,0.63,,
6/24/11,0.7,,
6/23/11,0.66,,
6/22/11,0.53,,
6/21/11,0.6,,
6/20/11,0.57,,
6/17/11,1.1,,
6/16/11,1.03,,
6/15/11,1.11,,
6/14/11,0.66,,
6/13/11,0.74,,
6/10/11,1.02,,
6/9/11,0.78,,
6/8/11,0.99,,
6/7/11,0.73,,
6/6/11,0.79,,
6/3/11,0.72,,
6/2/11,0.72,,
6/1/11,0.77,,
5/31/11,0.55,,
5/27/11,0.51,,
5/26/11,0.61,,
5/25/11,0.5,,
5/24/11,0.61,,
5/23/11,0.7,,
5/20/11,0.76,,
5/19/11,0.71,,
5/18/11,0.7,,
5/17/11,0.76,,
5/16/11,0.62,,
5/13/11,0.75,,
5/12/11,0.66,,
5/11/11,0.67,,
5/10/11,0.59,,
5/9/11,0.64,,
5/6/11,0.63,,
5/5/11,0.64,,
5/4/11,0.72,,
5/3/11,0.63,,
5/2/11,0.51,,
4/29/11,0.58,,
4/28/11,0.55,,
4/27/11,0.6,,
4/26/11,0.58,,
4/25/11,0.58,,
4/21/11,0.63,,
4/20/11,0.52,,
4/19/11,0.65,,
4/18/11,0.62,,
4/15/11,0.62,,
4/14/11,0.7,,
4/13/11,0.66,,
4/12/11,0.6,,
4/11/11,0.62,,
4/8/11,0.59,,
4/7/11,0.53,,
4/6/11,0.57,,
4/5/11,0.58,,
4/4/11,0.6,,
4/1/11,0.51,,
3/31/11,0.56,,
3/30/11,0.54,,
3/29/11,0.55,,
3/28/11,0.57,,
3/25/11,0.57,,
3/24/11,0.57,,
3/23/11,0.61,,
3/22/11,0.56,,
3/21/11,0.5,,
3/18/11,0.7,,
3/17/11,0.75,,
3/16/11,0.79,,
3/15/11,0.72,,
3/14/11,0.68,,
3/11/11,0.63,,
3/10/11,0.74,,
3/9/11,0.61,,
3/8/11,0.55,,
3/7/11,0.63,,
3/4/11,0.57,,
3/3/11,0.55,,
3/2/11,0.54,,
3/1/11,0.61,,
2/28/11,0.54,,
2/25/11,0.5,,
2/24/11,0.71,,
2/23/11,0.72,,
2/22/11,0.7,,
2/18/11,0.62,,
2/17/11,0.5,,
2/16/11,0.56,,
2/15/11,0.55,,
2/14/11,0.53,,
2/11/11,0.54,,
2/10/11,0.56,,
2/9/11,0.54,,
2/8/11,0.54,,
2/7/11,0.47,,
2/4/11,0.64,,
2/3/11,0.59,,
2/2/11,0.46,,
2/1/11,0.5,,
1/31/11,0.61,,
1/28/11,0.67,,
1/27/11,0.56,,
1/26/11,0.58,,
1/25/11,0.65,,
1/24/11,0.53,,
1/21/11,0.56,,
1/20/11,0.69,,
1/19/11,0.48,,
1/18/11,0.46,,
1/14/11,0.37,,
1/13/11,0.51,,
1/12/11,0.46,,
1/11/11,0.54,,
1/10/11,0.55,,
1/7/11,0.5,,
1/6/11,0.48,,
1/5/11,0.49,,
1/4/11,0.44,,
1/3/11,0.4,,
12/31/10,0.73,,
12/30/10,0.52,,
12/29/10,0.54,,
12/28/10,0.56,,
12/27/10,0.57,,
12/23/10,0.53,,
12/22/10,0.5,,
12/21/10,0.53,,
12/20/10,0.57,,
12/17/10,0.51,,
12/16/10,0.49,,
12/15/10,0.55,,
12/14/10,0.51,,
12/13/10,0.45,,
12/10/10,0.42,,
12/9/10,0.43,,
12/8/10,0.49,,
12/7/10,0.47,,
12/6/10,0.49,,
12/3/10,0.52,,
12/2/10,0.46,,
12/1/10,0.45,,
11/30/10,0.58,,
11/29/10,0.71,,
11/26/10,0.66,,
11/24/10,0.52,,
11/23/10,0.73,,
11/22/10,0.57,,
11/19/10,0.58,,
11/18/10,0.54,,
11/17/10,0.59,,
11/16/10,0.68,,
11/15/10,0.56,,
11/12/10,0.67,,
11/10/10,0.49,,
11/9/10,0.57,,
11/8/10,0.54,,
11/5/10,0.43,,
11/4/10,0.47,,
11/3/10,0.55,,
11/2/10,0.56,,
11/1/10,0.63,,
10/29/10,0.56,,
10/28/10,0.62,,
10/27/10,0.65,,
10/26/10,0.6,,
10/25/10,0.63,,
10/22/10,0.69,,
10/21/10,0.72,,
10/20/10,0.69,,
10/19/10,0.7,,
10/18/10,0.56,,
10/15/10,0.48,,
10/14/10,0.59,,
10/13/10,0.45,,
10/12/10,0.54,,
10/8/10,0.62,,
10/7/10,0.69,,
10/6/10,0.59,,
10/5/10,0.56,,
10/4/10,0.61,,
10/1/10,0.57,,
9/30/10,0.55,,
9/29/10,0.56,,
9/28/10,0.6,,
9/27/10,0.58,,
9/24/10,0.57,,
9/23/10,0.64,,
9/22/10,0.72,,
9/21/10,0.62,,
9/20/10,0.48,,
9/17/10,0.58,,
9/16/10,0.58,,
9/15/10,0.55,,
9/14/10,0.61,,
9/13/10,0.52,,
9/10/10,0.71,,
9/9/10,0.61,,
9/8/10,0.54,,
9/7/10,0.6,,
9/3/10,0.56,,
9/2/10,0.57,,
9/1/10,0.49,,
8/31/10,0.74,,
8/30/10,0.58,,
8/27/10,0.57,,
8/26/10,0.67,,
8/25/10,0.62,,
8/24/10,0.73,,
8/23/10,0.39,,
8/20/10,0.73,,
8/19/10,0.75,,
8/18/10,0.67,,
8/17/10,0.63,,
8/16/10,0.72,,
8/13/10,0.67,,
8/12/10,0.62,,
8/11/10,0.77,,
8/10/10,0.63,,
8/9/10,0.57,,
8/6/10,0.57,,
8/5/10,0.6,,
8/4/10,0.57,,
8/3/10,0.6,,
8/2/10,0.57,,
7/30/10,0.63,,
7/29/10,0.67,,
7/28/10,0.71,,
7/27/10,0.55,,
7/26/10,0.56,,
7/23/10,0.58,,
7/22/10,0.54,,
7/21/10,0.65,,
7/20/10,0.53,,
7/19/10,0.52,,
7/16/10,0.77,,
7/15/10,0.61,,
7/14/10,0.58,,
7/13/10,0.52,,
7/12/10,0.63,,
7/9/10,0.61,,
7/8/10,0.6,,
7/7/10,0.52,,
7/6/10,0.64,,
7/2/10,0.6,,
7/1/10,0.76,,
6/30/10,0.61,,
6/29/10,0.79,,
6/28/10,0.68,,
6/25/10,0.65,,
6/24/10,0.82,,
6/23/10,0.71,,
6/22/10,0.64,,
6/21/10,0.56,,
6/18/10,0.63,,
6/17/10,0.69,,
6/16/10,0.67,,
6/15/10,0.56,,
6/14/10,0.59,,
6/11/10,0.7,,
6/10/10,0.66,,
6/9/10,0.71,,
6/8/10,0.7,,
6/7/10,0.61,,
6/4/10,0.6,,
6/3/10,0.6,,
6/2/10,0.6,,
6/1/10,0.61,,
5/28/10,0.58,,
5/27/10,0.52,,
5/26/10,0.53,,
5/25/10,0.69,,
5/24/10,0.64,,
5/21/10,0.88,,
5/20/10,0.96,,
5/19/10,0.82,,
5/18/10,0.65,,
5/17/10,0.68,,
5/14/10,0.7,,
5/13/10,0.57,,
5/12/10,0.51,,
5/11/10,0.68,,
5/10/10,0.63,,
5/7/10,0.8,,
5/6/10,0.71,,
5/5/10,0.7,,
5/4/10,0.67,,
5/3/10,0.53,,
4/30/10,0.61,,
4/29/10,0.5,,
4/28/10,0.53,,
4/27/10,0.57,,
4/26/10,0.41,,
4/23/10,0.48,,
4/22/10,0.51,,
4/21/10,0.53,,
4/20/10,0.52,,
4/19/10,0.51,,
4/16/10,0.53,,
4/15/10,0.37,,
4/14/10,0.32,,
4/13/10,0.48,,
4/12/10,0.4,,
4/9/10,0.48,,
4/8/10,0.47,,
4/7/10,0.52,,
4/6/10,0.46,,
4/5/10,0.43,,
4/1/10,0.53,,
3/31/10,0.45,,
3/30/10,0.51,,
3/29/10,0.55,,
3/26/10,0.6,,
3/25/10,0.5,,
3/24/10,0.61,,
3/23/10,0.53,,
3/22/10,0.54,,
3/19/10,0.61,,
3/18/10,0.53,,
3/17/10,0.47,,
3/16/10,0.49,,
3/15/10,0.57,,
3/12/10,0.53,,
3/11/10,0.54,,
3/10/10,0.5,,
3/9/10,0.43,,
3/8/10,0.52,,
3/5/10,0.52,,
3/4/10,0.66,,
3/3/10,0.65,,
3/2/10,0.57,,
3/1/10,0.58,,
2/26/10,0.68,,
2/25/10,0.81,,
2/24/10,0.64,,
2/23/10,0.76,,
2/22/10,0.63,,
2/19/10,0.65,,
2/18/10,0.68,,
2/17/10,0.61,,
2/16/10,0.62,,
2/12/10,0.64,,
2/11/10,0.74,,
2/10/10,0.64,,
2/9/10,0.71,,
2/8/10,0.73,,
2/5/10,0.79,,
2/4/10,0.79,,
2/3/10,0.64,,
2/2/10,0.58,,
2/1/10,0.6,,
1/29/10,0.73,,
1/28/10,0.67,,
1/27/10,0.69,,
1/26/10,0.65,,
1/25/10,0.64,,
1/22/10,0.75,,
1/21/10,0.72,,
1/20/10,0.69,,
1/19/10,0.57,,
1/15/10,0.6,,
1/14/10,0.54,,
1/13/10,0.57,,
1/12/10,0.58,,
1/11/10,0.49,,
1/8/10,0.49,,
1/7/10,0.5,,
1/6/10,0.52,,
1/5/10,0.56,,
1/4/10,0.52,,
12/31/09,0.62,,
12/30/09,0.64,,
12/29/09,0.63,,
12/28/09,0.56,,
12/24/09,0.56,,
12/23/09,0.61,,
12/22/09,0.64,,
12/21/09,0.51,,
12/18/09,0.69,,
12/17/09,0.69,,
12/16/09,0.68,,
12/15/09,0.58,,
12/14/09,0.64,,
12/11/09,0.63,,
12/10/09,0.62,,
12/9/09,0.58,,
12/8/09,0.63,,
12/7/09,0.66,,
12/4/09,0.61,,
12/3/09,0.63,,
12/2/09,0.54,,
12/1/09,0.53,,
11/30/09,0.78,,
11/27/09,0.62,,
11/25/09,0.62,,
11/24/09,0.62,,
11/23/09,0.52,,
11/20/09,0.67,,
11/19/09,0.73,,
11/18/09,0.59,,
11/17/09,0.65,,
11/16/09,0.56,,
11/13/09,0.62,,
11/12/09,0.6,,
11/10/09,0.58,,
11/9/09,0.53,,
11/6/09,0.61,,
11/5/09,0.63,,
11/4/09,0.6,,
11/3/09,0.69,,
11/2/09,0.79,,
10/30/09,0.8,,
10/29/09,0.54,,
10/28/09,0.69,,
10/27/09,0.62,,
10/26/09,0.65,,
10/23/09,0.64,,
10/22/09,0.6,,
10/21/09,0.55,,
10/20/09,0.67,,
10/19/09,0.61,,
10/16/09,0.55,,
10/15/09,0.46,,
10/14/09,0.46,,
10/13/09,0.56,,
10/9/09,0.55,,
10/8/09,0.53,,
10/7/09,0.52,,
10/6/09,0.47,,
10/5/09,0.56,,
10/2/09,0.84,,
10/1/09,0.74,,
9/30/09,0.73,,
9/29/09,0.61,,
9/28/09,0.6,,
9/25/09,0.58,,
9/24/09,0.72,,
9/23/09,0.55,,
9/22/09,0.55,,
9/21/09,0.64,,
9/18/09,0.56,,
9/17/09,0.53,,
9/16/09,0.45,,
9/15/09,0.56,,
9/14/09,0.55,,
9/11/09,0.62,,
9/10/09,0.63,,
9/9/09,0.55,,
9/8/09,0.59,,
9/4/09,0.57,,
9/3/09,0.58,,
9/2/09,0.69,,
9/1/09,0.68,,
8/31/09,0.63,,
8/28/09,0.56,,
8/27/09,0.6,,
8/26/09,0.64,,
8/25/09,0.59,,
8/24/09,0.54,,
8/21/09,0.39,,
8/20/09,0.51,,
8/19/09,0.62,,
8/18/09,0.63,,
8/17/09,0.71,,
8/14/09,0.6,,
8/13/09,0.52,,
8/12/09,0.61,,
8/11/09,0.65,,
8/10/09,0.56,,
8/7/09,0.49,,
8/6/09,0.68,,
8/5/09,0.51,,
8/4/09,0.58,,
8/3/09,0.62,,
7/31/09,0.64,,
7/30/09,0.5,,
7/29/09,0.62,,
7/28/09,0.63,,
7/27/09,0.54,,
7/24/09,0.78,,
7/23/09,0.66,,
7/22/09,0.68,,
7/21/09,0.61,,
7/20/09,0.59,,
7/17/09,0.58,,
7/16/09,0.61,,
7/15/09,0.61,,
7/14/09,0.78,,
7/13/09,0.69,,
7/10/09,0.77,,
7/9/09,0.8,,
7/8/09,0.86,,
7/7/09,0.85,,
7/6/09,0.72,,
7/2/09,0.7,,
7/1/09,0.74,,
6/30/09,0.82,,
6/29/09,0.72,,
6/26/09,0.69,,
6/25/09,0.75,,
6/24/09,0.62,,
6/23/09,0.77,,
6/22/09,0.72,,
6/19/09,0.65,,
6/18/09,0.76,,
6/17/09,0.88,,
6/16/09,0.8,,
6/15/09,0.6,,
6/12/09,0.66,,
6/11/09,0.55,,
6/10/09,0.71,,
6/9/09,0.66,,
6/8/09,0.76,,
6/5/09,0.6,,
6/4/09,0.63,,
6/3/09,0.76,,
6/2/09,0.63,,
6/1/09,0.57,,
5/29/09,0.6,,
5/28/09,0.6,,
5/27/09,0.72,,
5/26/09,0.54,,
5/22/09,0.62,,
5/21/09,0.76,,
5/20/09,0.64,,
5/19/09,0.63,,
5/18/09,0.55,,
5/15/09,0.63,,
5/14/09,0.62,,
5/13/09,0.66,,
5/12/09,0.67,,
5/11/09,0.58,,
5/8/09,0.63,,
5/7/09,0.67,,
5/6/09,0.57,,
5/5/09,0.58,,
5/4/09,0.54,,
5/1/09,0.59,,
4/30/09,0.63,,
4/29/09,0.62,,
4/28/09,0.68,,
4/27/09,0.65,,
4/24/09,0.65,,
4/23/09,0.73,,
4/22/09,0.64,,
4/21/09,0.66,,
4/20/09,0.79,,
4/17/09,0.56,,
4/16/09,0.6,,
4/15/09,0.62,,
4/14/09,0.57,,
4/13/09,0.5,,
4/9/09,0.57,,
4/8/09,0.65,,
4/7/09,0.78,,
4/6/09,0.7,,
4/3/09,0.67,,
4/2/09,0.59,,
4/1/09,0.71,,
3/31/09,0.66,,
3/30/09,0.8,,
3/27/09,0.74,,
3/26/09,0.67,,
3/25/09,0.64,,
3/24/09,0.61,,
3/23/09,0.53,,
3/20/09,0.72,,
3/19/09,0.56,,
3/18/09,0.54,,
3/17/09,0.66,,
3/16/09,0.7,,
3/13/09,0.61,,
3/12/09,0.61,,
3/11/09,0.66,,
3/10/09,0.57,,
3/9/09,0.6,,
3/6/09,0.82,,
3/5/09,0.9,,
3/4/09,0.84,,
3/3/09,0.76,,
3/2/09,0.86,,
2/27/09,0.7,,
2/26/09,0.65,,
2/25/09,0.64,,
2/24/09,0.65,,
2/23/09,0.8,,
2/20/09,0.79,,
2/19/09,0.92,,
2/18/09,0.88,,
2/17/09,0.93,,
2/13/09,0.73,,
2/12/09,0.88,,
2/11/09,0.78,,
2/10/09,0.75,,
2/9/09,0.6,,
2/6/09,0.6,,
2/5/09,0.72,,
2/4/09,0.75,,
2/3/09,0.69,,
2/2/09,0.74,,
1/30/09,0.86,,
1/29/09,0.86,,
1/28/09,0.62,,
1/27/09,0.69,,
1/26/09,0.66,,
1/23/09,0.66,,
1/22/09,0.75,,
1/21/09,0.79,,
1/20/09,0.89,,
1/16/09,0.82,,
1/15/09,0.99,,
1/14/09,0.96,,
1/13/09,0.93,,
1/12/09,0.99,,
1/9/09,0.86,,
1/8/09,0.87,,
1/7/09,1.07,,
1/6/09,0.73,,
1/5/09,0.67,,
1/2/09,0.66,,
12/31/08,0.6,,
12/30/08,0.64,,
12/29/08,0.62,,
12/26/08,0.62,,
12/24/08,0.66,,
12/23/08,0.58,,
12/22/08,0.6,,
12/19/08,0.69,,
12/18/08,0.8,,
12/17/08,0.65,,
12/16/08,0.69,,
12/15/08,0.86,,
12/12/08,0.91,,
12/11/08,0.83,,
12/10/08,0.77,,
12/9/08,0.75,,
12/8/08,0.73,,
12/5/08,0.63,,
12/4/08,0.82,,
12/3/08,0.74,,
12/2/08,0.75,,
12/1/08,0.88,,
11/28/08,0.7,,
11/26/08,0.64,,
11/25/08,0.7,,
11/24/08,0.56,,
11/21/08,1.11,,
11/20/08,1.05,,
11/19/08,1.16,,
11/18/08,0.94,,
11/17/08,0.87,,
11/14/08,0.82,,
11/13/08,0.92,,
11/12/08,0.97,,
11/10/08,0.93,,
11/7/08,0.77,,
11/6/08,1.01,,
11/5/08,0.82,,
11/4/08,0.71,,
11/3/08,0.77,,
10/31/08,0.75,,
10/30/08,0.69,,
10/29/08,0.59,,
10/28/08,0.65,,
10/27/08,0.79,,
10/24/08,0.97,,
10/23/08,0.92,,
10/22/08,0.87,,
10/21/08,0.77,,
10/20/08,0.62,,
10/17/08,0.82,,
10/16/08,0.94,,
10/15/08,0.9,,
10/14/08,0.8,,
10/10/08,1.01,,
10/9/08,1.05,,
10/8/08,0.86,,
10/7/08,0.95,,
10/6/08,0.94,,
10/3/08,0.74,,
10/2/08,0.89,,
10/1/08,0.75,,
9/30/08,0.73,,
9/29/08,0.79,,
9/26/08,0.81,,
9/25/08,0.62,,
9/24/08,0.71,,
9/23/08,0.76,,
9/22/08,0.72,,
9/19/08,0.51,,
9/18/08,0.79,,
9/17/08,0.95,,
9/16/08,0.93,,
9/15/08,1.18,,
9/12/08,0.89,,
9/11/08,0.8,,
9/10/08,0.86,,
9/9/08,0.99,,
9/8/08,0.78,,
9/5/08,0.79,,
9/4/08,0.77,,
9/3/08,0.68,,
9/2/08,0.69,,
8/29/08,0.68,,
8/28/08,0.72,,
8/27/08,0.68,,
8/26/08,0.8,,
8/25/08,0.67,,
8/22/08,0.6,,
8/21/08,0.61,,
8/20/08,0.71,,
8/19/08,0.85,,
8/18/08,0.75,,
8/15/08,0.66,,
8/14/08,0.69,,
8/13/08,0.73,,
8/12/08,0.73,,
8/11/08,0.69,,
8/8/08,0.61,,
8/7/08,0.81,,
8/6/08,0.74,,
8/5/08,0.59,,
8/4/08,0.68,,
8/1/08,0.85,,
7/31/08,0.73,,
7/30/08,0.71,,
7/29/08,0.66,,
7/28/08,0.8,,
7/25/08,0.74,,
7/24/08,0.81,,
7/23/08,0.63,,
7/22/08,0.77,,
7/21/08,0.7,,
7/18/08,0.71,,
7/17/08,0.75,,
7/16/08,0.77,,
7/15/08,0.89,,
7/14/08,0.86,,
7/11/08,0.87,,
7/10/08,0.93,,
7/9/08,0.83,,
7/8/08,0.73,,
7/7/08,0.89,,
7/3/08,0.85,,
7/2/08,0.71,,
7/1/08,0.79,,
6/30/08,0.77,,
6/27/08,0.81,,
6/26/08,0.77,,
6/25/08,0.71,,
6/24/08,0.7,,
6/23/08,0.66,,
6/20/08,0.91,,
6/19/08,0.76,,
6/18/08,0.86,,
6/17/08,0.75,,
6/16/08,0.81,,
6/13/08,0.76,,
6/12/08,0.78,,
6/11/08,0.84,,
6/10/08,0.81,,
6/9/08,0.78,,
6/6/08,0.76,,
6/5/08,0.64,,
6/4/08,0.76,,
6/3/08,0.8,,
6/2/08,0.76,,
5/30/08,0.59,,
5/29/08,0.67,,
5/28/08,0.62,,
5/27/08,0.66,,
5/23/08,0.71,,
5/22/08,0.63,,
5/21/08,0.79,,
5/20/08,0.7,,
5/19/08,0.56,,
5/16/08,0.59,,
5/15/08,0.59,,
5/14/08,0.62,,
5/13/08,0.6,,
5/12/08,0.66,,
5/9/08,0.7,,
5/8/08,0.6,,
5/7/08,0.67,,
5/6/08,0.57,,
5/5/08,0.67,,
5/2/08,0.63,,
5/1/08,0.58,,
4/30/08,0.67,,
4/29/08,0.83,,
4/28/08,0.66,,
4/25/08,0.73,,
4/24/08,0.67,,
4/23/08,0.7,,
4/22/08,0.66,,
4/21/08,0.6,,
4/18/08,0.59,,
4/17/08,0.76,,
4/16/08,0.72,,
4/15/08,0.94,,
4/14/08,0.85,,
4/11/08,0.89,,
4/10/08,0.79,,
4/9/08,0.89,,
4/8/08,0.9,,
4/7/08,0.74,,
4/4/08,0.82,,
4/3/08,0.83,,
4/2/08,0.78,,
4/1/08,0.81,,
3/31/08,0.85,,
3/28/08,0.86,,
3/27/08,0.84,,
3/26/08,0.78,,
3/25/08,0.76,,
3/24/08,0.63,,
3/20/08,0.8,,
3/19/08,0.9,,
3/18/08,0.79,,
3/17/08,1.35,,
3/14/08,1.16,,
3/13/08,0.82,,
3/12/08,0.84,,
3/11/08,0.89,,
3/10/08,0.99,,
3/7/08,0.92,,
3/6/08,1.12,,
3/5/08,0.68,,
3/4/08,0.96,,
3/3/08,0.79,,
2/29/08,0.84,,
2/28/08,0.97,,
2/27/08,0.74,,
2/26/08,0.8,,
2/25/08,0.66,,
2/22/08,0.84,,
2/21/08,0.7,,
2/20/08,0.7,,
2/19/08,0.67,,
2/15/08,0.78,,
2/14/08,0.74,,
2/13/08,0.76,,
2/12/08,0.78,,
2/11/08,0.68,,
2/8/08,0.79,,
2/7/08,0.89,,
2/6/08,0.8,,
2/5/08,0.94,,
2/4/08,0.68,,
2/1/08,0.56,,
1/31/08,0.7,,
1/30/08,0.63,,
1/29/08,0.65,,
1/28/08,0.65,,
1/25/08,0.67,,
1/24/08,0.58,,
1/23/08,0.75,,
1/22/08,0.72,,
1/18/08,0.98,,
1/17/08,0.99,,
1/16/08,0.86,,
1/15/08,1.05,,
1/14/08,0.7,,
1/11/08,0.71,,
1/10/08,0.7,,
1/9/08,0.75,,
1/8/08,0.97,,
1/7/08,0.78,,
1/4/08,0.69,,
1/3/08,0.6,,
1/2/08,0.78,,
12/31/07,0.67,,
12/28/07,0.56,,
12/27/07,0.59,,
12/26/07,0.64,,
12/24/07,0.74,,
12/21/07,0.64,,
12/20/07,0.42,,
12/19/07,0.69,,
12/18/07,0.75,,
12/17/07,0.64,,
12/14/07,0.62,,
12/13/07,0.74,,
12/12/07,0.68,,
12/11/07,0.78,,
12/10/07,0.67,,
12/7/07,0.6,,
12/6/07,0.55,,
12/5/07,0.63,,
12/4/07,0.86,,
12/3/07,0.61,,
11/30/07,0.68,,
11/29/07,0.59,,
11/28/07,0.56,,
11/27/07,0.54,,
11/26/07,0.7,,
11/23/07,0.54,,
11/21/07,0.82,,
11/20/07,0.79,,
11/19/07,0.66,,
11/16/07,0.98,,
11/15/07,0.79,,
11/14/07,0.62,,
11/13/07,0.85,,
11/9/07,0.71,,
11/8/07,0.83,,
11/7/07,0.68,,
11/6/07,0.71,,
11/5/07,0.67,,
11/2/07,0.7,,
11/1/07,0.68,,
10/31/07,0.45,,
10/30/07,0.82,,
10/29/07,0.57,,
10/26/07,0.53,,
10/25/07,0.76,,
10/24/07,0.72,,
10/23/07,0.65,,
10/22/07,0.66,,
10/19/07,0.73,,
10/18/07,0.55,,
10/17/07,0.67,,
10/16/07,0.75,,
10/15/07,0.53,,
10/12/07,0.57,,
10/11/07,0.6,,
10/10/07,0.56,,
10/9/07,0.61,,
10/5/07,0.56,,
10/4/07,0.5,,
10/3/07,0.58,,
10/2/07,0.66,,
10/1/07,0.57,,
9/28/07,0.78,,
9/27/07,0.57,,
9/26/07,0.6,,
9/25/07,0.75,,
9/24/07,0.61,,
9/21/07,0.53,,
9/20/07,0.56,,
9/19/07,0.58,,
9/18/07,0.69,,
9/17/07,0.65,,
9/14/07,0.64,,
9/13/07,0.6,,
9/12/07,0.58,,
9/11/07,0.83,,
9/10/07,0.79,,
9/7/07,0.77,,
9/6/07,0.62,,
9/5/07,0.74,,
9/4/07,0.61,,
8/31/07,0.64,,
8/30/07,0.65,,
8/29/07,0.69,,
8/28/07,0.87,,
8/27/07,0.67,,
8/24/07,0.68,,
8/23/07,0.71,,
8/22/07,0.62,,
8/21/07,0.61,,
8/20/07,0.62,,
8/17/07,0.75,,
8/16/07,1.02,,
8/15/07,1.05,,
8/14/07,1.08,,
8/13/07,0.68,,
8/10/07,0.58,,
8/9/07,0.65,,
8/8/07,0.61,,
8/7/07,0.69,,
8/6/07,0.84,,
8/3/07,0.79,,
8/2/07,0.78,,
8/1/07,0.88,,
7/31/07,0.72,,
7/30/07,0.71,,
7/27/07,0.77,,
7/26/07,0.85,,
7/25/07,0.64,,
7/24/07,0.79,,
7/23/07,0.54,,
7/20/07,0.69,,
7/19/07,0.54,,
7/18/07,0.74,,
7/17/07,0.61,,
7/16/07,0.53,,
7/13/07,0.5,,
7/12/07,0.48,,
7/11/07,0.57,,
7/10/07,0.59,,
7/9/07,0.52,,
7/6/07,0.53,,
7/5/07,0.56,,
7/3/07,0.57,,
7/2/07,0.53,,
6/29/07,0.65,,
6/28/07,0.57,,
6/27/07,0.65,,
6/26/07,0.7,,
6/25/07,0.75,,
6/22/07,0.62,,
6/21/07,0.61,,
6/20/07,0.62,,
6/19/07,0.67,,
6/18/07,0.57,,
6/15/07,0.47,,
6/14/07,0.53,,
6/13/07,0.58,,
6/12/07,0.66,,
6/11/07,0.71,,
6/8/07,0.6,,
6/7/07,0.72,,
6/6/07,0.62,,
6/5/07,0.65,,
6/4/07,0.52,,
6/1/07,0.5,,
5/31/07,0.51,,
5/30/07,0.67,,
5/29/07,0.58,,
5/25/07,0.56,,
5/24/07,0.67,,
5/23/07,0.68,,
5/22/07,0.6,,
5/21/07,0.55,,
5/18/07,0.52,,
5/17/07,0.5,,
5/16/07,0.7,,
5/15/07,0.64,,
5/14/07,0.5,,
5/11/07,0.63,,
5/10/07,0.7,,
5/9/07,0.53,,
5/8/07,0.6,,
5/7/07,0.45,,
5/4/07,0.54,,
5/3/07,0.66,,
5/2/07,0.56,,
5/1/07,0.74,,
4/30/07,0.61,,
4/27/07,0.57,,
4/26/07,0.6,,
4/25/07,0.6,,
4/24/07,0.72,,
4/23/07,0.58,,
4/20/07,0.5,,
4/19/07,0.62,,
4/18/07,0.53,,
4/17/07,0.67,,
4/16/07,0.52,,
4/13/07,0.65,,
4/12/07,0.69,,
4/11/07,0.68,,
4/10/07,0.66,,
4/9/07,0.59,,
4/5/07,0.53,,
4/4/07,0.72,,
4/3/07,0.66,,
4/2/07,0.62,,
3/30/07,0.66,,
3/29/07,0.77,,
3/28/07,0.88,,
3/27/07,0.61,,
3/26/07,0.69,,
3/23/07,0.64,,
3/22/07,0.61,,
3/21/07,0.66,,
3/20/07,0.72,,
3/19/07,0.61,,
3/16/07,0.83,,
3/15/07,0.78,,
3/14/07,0.87,,
3/13/07,0.98,,
3/12/07,0.75,,
3/9/07,0.82,,
3/8/07,0.77,,
3/7/07,0.7,,
3/6/07,0.76,,
3/5/07,0.93,,
3/2/07,0.8,,
3/1/07,0.8,,
2/28/07,0.73,,
2/27/07,0.88,,
2/26/07,0.74,,
2/23/07,0.74,,
2/22/07,0.66,,
2/21/07,0.71,,
2/20/07,0.64,,
2/16/07,0.55,,
2/15/07,0.53,,
2/14/07,0.67,,
2/13/07,0.75,,
2/12/07,0.77,,
2/9/07,0.68,,
2/8/07,0.57,,
2/7/07,0.67,,
2/6/07,0.55,,
2/5/07,0.58,,
2/2/07,0.7,,
2/1/07,0.58,,
1/31/07,0.57,,
1/30/07,0.66,,
1/29/07,0.61,,
1/26/07,0.63,,
1/25/07,0.71,,
1/24/07,0.58,,
1/23/07,0.65,,
1/22/07,0.62,,
1/19/07,0.56,,
1/18/07,0.6,,
1/17/07,0.54,,
1/16/07,0.57,,
1/12/07,0.56,,
1/11/07,0.55,,
1/10/07,0.59,,
1/9/07,0.66,,
1/8/07,0.72,,
1/5/07,0.59,,
1/4/07,0.52,,
1/3/07,0.57,,
12/29/06,0.52,,
12/28/06,0.69,,
12/27/06,0.61,,
12/26/06,0.62,,
12/22/06,0.66,,
12/21/06,0.45,,
12/20/06,0.56,,
12/19/06,0.66,,
12/18/06,0.63,,
12/15/06,0.52,,
12/14/06,0.46,,
12/13/06,0.59,,
12/12/06,0.72,,
12/11/06,0.58,,
12/8/06,0.56,,
12/7/06,0.67,,
12/6/06,0.56,,
12/5/06,0.57,,
12/4/06,0.65,,
12/1/06,0.6,,
11/30/06,0.57,,
11/29/06,0.52,,
11/28/06,0.67,,
11/27/06,0.69,,
11/24/06,0.53,,
11/22/06,0.64,,
11/21/06,0.62,,
11/20/06,0.54,,
11/17/06,0.47,,
11/16/06,0.54,,
11/15/06,0.53,,
11/14/06,0.58,,
11/13/06,0.59,,
11/10/06,0.73,,
11/9/06,0.62,,
11/8/06,0.68,,
11/7/06,0.57,,
11/6/06,0.55,,
11/3/06,0.66,,
11/2/06,0.62,,
11/1/06,0.65,,
10/31/06,0.63,,
10/30/06,0.61,,
10/27/06,0.6,,
10/26/06,0.55,,
10/25/06,0.6,,
10/24/06,0.72,,
10/23/06,0.58,,
10/20/06,0.6,,
10/19/06,0.62,,
10/18/06,0.65,,
10/17/06,0.62,,
10/16/06,0.51,,
10/13/06,0.56,,
10/12/06,0.54,,
10/11/06,0.59,,
10/10/06,0.66,,
10/6/06,0.66,,
10/5/06,0.63,,
10/4/06,0.62,,
10/3/06,0.98,,
10/2/06,0.69,,
9/29/06,0.62,,
9/28/06,0.7,,
9/27/06,0.6,,
9/26/06,0.73,,
9/25/06,0.65,,
9/22/06,0.66,,
9/21/06,0.74,,
9/20/06,0.58,,
9/19/06,0.81,,
9/18/06,0.6,,
9/15/06,0.56,,
9/14/06,0.79,,
9/13/06,0.53,,
9/12/06,0.7,,
9/11/06,0.7,,
9/8/06,0.73,,
9/7/06,0.58,,
9/6/06,0.79,,
9/5/06,0.66,,
9/1/06,0.67,,
8/31/06,0.75,,
8/30/06,0.65,,
8/29/06,0.73,,
8/28/06,0.65,,
8/25/06,0.58,,
8/24/06,0.64,,
8/23/06,0.79,,
8/22/06,0.67,,
8/21/06,0.76,,
8/18/06,0.57,,
8/17/06,0.6,,
8/16/06,0.52,,
8/15/06,0.71,,
8/14/06,0.67,,
8/11/06,0.7,,
8/10/06,0.75,,
8/9/06,0.71,,
8/8/06,0.91,,
8/7/06,0.77,,
8/4/06,0.7,,
8/3/06,0.66,,
8/2/06,0.52,,
8/1/06,0.8,,
7/31/06,0.64,,
7/28/06,0.58,,
7/27/06,0.62,,
7/26/06,0.61,,
7/25/06,0.57,,
7/24/06,0.53,,
7/21/06,0.82,,
7/20/06,0.63,,
7/19/06,0.67,,
7/18/06,0.78,,
7/17/06,0.67,,
7/14/06,0.78,,
7/13/06,0.78,,
7/12/06,0.84,,
7/11/06,0.82,,
7/10/06,0.6,,
7/7/06,0.58,,
7/6/06,0.63,,
7/5/06,0.71,,
7/3/06,0.61,,
6/30/06,0.52,,
6/29/06,0.46,,
6/28/06,0.66,,
6/27/06,0.66,,
6/26/06,0.57,,
6/23/06,0.64,,
6/22/06,0.65,,
6/21/06,0.55,,
6/20/06,0.74,,
6/19/06,0.59,,
6/16/06,0.68,,
6/15/06,0.54,,
6/14/06,0.76,,
6/13/06,0.78,,
6/12/06,0.56,,
6/9/06,0.63,,
6/8/06,0.79,,
6/7/06,0.63,,
6/6/06,0.74,,
6/5/06,0.64,,
6/2/06,0.87,,
6/1/06,0.76,,
5/31/06,0.62,,
5/30/06,0.67,,
5/26/06,0.47,,
5/25/06,0.51,,
5/24/06,0.7,,
5/23/06,0.62,,
5/22/06,0.64,,
5/19/06,0.75,,
5/18/06,0.75,,
5/17/06,0.8,,
5/16/06,0.63,,
5/15/06,0.65,,
5/12/06,0.72,,
5/11/06,0.64,,
5/10/06,0.62,,
5/9/06,0.66,,
5/8/06,0.63,,
5/5/06,0.48,,
5/4/06,0.51,,
5/3/06,0.64,,
5/2/06,0.62,,
5/1/06,0.56,,
4/28/06,0.62,,
4/27/06,0.55,,
4/26/06,0.79,,
4/25/06,0.59,,
4/24/06,0.57,,
4/21/06,0.6,,
4/20/06,0.54,,
4/19/06,0.46,,
4/18/06,0.51,,
4/17/06,0.56,,
4/13/06,0.6,,
4/12/06,0.58,,
4/11/06,0.66,,
4/10/06,0.65,,
4/7/06,0.58,,
4/6/06,0.59,,
4/5/06,0.64,,
4/4/06,0.54,,
4/3/06,0.45,,
3/31/06,0.61,,
3/30/06,0.47,,
3/29/06,0.64,,
3/28/06,0.64,,
3/27/06,0.58,,
3/24/06,0.63,,
3/23/06,0.76,,
3/22/06,0.63,,
3/21/06,0.63,,
3/20/06,0.53,,
3/17/06,0.61,,
3/16/06,0.57,,
3/15/06,0.61,,
3/14/06,0.55,,
3/13/06,0.66,,
3/10/06,0.53,,
3/9/06,0.74,,
3/8/06,0.63,,
3/7/06,0.74,,
3/6/06,0.67,,
3/3/06,0.66,,
3/2/06,0.64,,
3/1/06,0.58,,
2/28/06,0.57,,
2/27/06,0.57,,
2/24/06,0.64,,
2/23/06,0.56,,
2/22/06,0.51,,
2/21/06,0.53,,
2/17/06,0.51,,
2/16/06,0.58,,
2/15/06,0.58,,
2/14/06,0.65,,
2/13/06,0.67,,
2/10/06,0.57,,
2/9/06,0.5,,
2/8/06,0.6,,
2/7/06,0.67,,
2/6/06,0.7,,
2/3/06,0.7,,
2/2/06,0.68,,
2/1/06,0.6,,
1/31/06,0.51,,
1/30/06,0.47,,
1/27/06,0.59,,
1/26/06,0.55,,
1/25/06,0.62,,
1/24/06,0.37,,
1/23/06,0.58,,
1/20/06,0.69,,
1/19/06,0.53,,
1/18/06,0.66,,
1/17/06,0.52,,
1/13/06,0.59,,
1/12/06,0.55,,
1/11/06,0.53,,
1/10/06,0.55,,
1/9/06,0.47,,
1/6/06,0.58,,
1/5/06,0.45,,
1/4/06,0.49,,
1/3/06,0.54,,
12/30/05,0.5,,
12/29/05,0.61,,
12/28/05,0.56,,
12/27/05,0.76,,
12/23/05,0.51,,
12/22/05,0.56,,
12/21/05,0.7,,
12/20/05,0.77,,
12/19/05,0.55,,
12/16/05,0.54,,
12/15/05,0.42,,
12/14/05,0.57,,
12/13/05,0.52,,
12/12/05,0.63,,
12/9/05,0.58,,
12/8/05,0.64,,
12/7/05,0.58,,
12/6/05,0.64,,
12/5/05,0.61,,
12/2/05,0.58,,
12/1/05,0.55,,
11/30/05,0.59,,
11/29/05,0.62,,
11/28/05,0.6,,
11/25/05,0.61,,
11/23/05,0.55,,
11/22/05,0.49,,
11/21/05,0.58,,
11/18/05,0.46,,
11/17/05,0.6,,
11/16/05,0.58,,
11/15/05,0.74,,
11/14/05,0.59,,
11/10/05,0.62,,
11/9/05,0.59,,
11/8/05,0.64,,
11/7/05,0.69,,
11/4/05,0.51,,
11/3/05,0.5,,
11/2/05,0.49,,
11/1/05,0.72,,
10/31/05,0.52,,
10/28/05,0.68,,
10/27/05,0.66,,
10/26/05,0.61,,
10/25/05,0.59,,
10/24/05,0.5,,
10/21/05,0.66,,
10/20/05,0.75,,
10/19/05,0.77,,
10/18/05,0.67,,
10/17/05,0.64,,
10/14/05,0.7,,
10/13/05,0.89,,
10/12/05,0.76,,
10/11/05,0.64,,
10/7/05,0.61,,
10/6/05,0.61,,
10/5/05,0.7,,
10/4/05,0.62,,
10/3/05,0.64,,
9/30/05,0.53,,
9/29/05,0.56,,
9/28/05,0.55,,
9/27/05,0.6,,
9/26/05,0.56,,
9/23/05,0.63,,
9/22/05,0.57,,
9/21/05,0.71,,
9/20/05,0.68,,
9/19/05,0.5,,
9/16/05,0.52,,
9/15/05,0.64,,
9/14/05,0.67,,
9/13/05,0.66,,
9/12/05,0.59,,
9/9/05,0.51,,
9/8/05,0.62,,
9/7/05,0.55,,
9/6/05,0.68,,
9/2/05,0.61,,
9/1/05,0.58,,
8/31/05,0.57,,
8/30/05,0.64,,
8/29/05,0.55,,
8/26/05,0.81,,
8/25/05,0.56,,
8/24/05,0.71,,
8/23/05,0.61,,
8/22/05,0.57,,
8/19/05,0.58,,
8/18/05,0.62,,
8/17/05,0.54,,
8/16/05,0.68,,
8/15/05,0.57,,
8/12/05,0.63,,
8/11/05,0.59,,
8/10/05,0.6,,
8/9/05,0.63,,
8/8/05,0.6,,
8/5/05,0.55,,
8/4/05,0.64,,
8/3/05,0.56,,
8/2/05,0.7,,
8/1/05,0.61,,
7/29/05,0.66,,
7/28/05,0.56,,
7/27/05,0.59,,
7/26/05,0.59,,
7/25/05,0.6,,
7/22/05,0.56,,
7/21/05,0.54,,
7/20/05,0.51,,
7/19/05,0.54,,
7/18/05,0.55,,
7/15/05,0.54,,
7/14/05,0.43,,
7/13/05,0.55,,
7/12/05,0.46,,
7/11/05,0.5,,
7/8/05,0.42,,
7/7/05,0.58,,
7/6/05,0.52,,
7/5/05,0.49,,
7/1/05,0.55,,
6/30/05,0.51,,
6/29/05,0.61,,
6/28/05,0.58,,
6/27/05,0.63,,
6/24/05,0.57,,
6/23/05,0.47,,
6/22/05,0.52,,
6/21/05,0.61,,
6/20/05,0.58,,
6/17/05,0.53,,
6/16/05,0.73,,
6/15/05,0.56,,
6/14/05,0.56,,
6/13/05,0.61,,
6/10/05,0.47,,
6/9/05,0.48,,
6/8/05,0.64,,
6/7/05,0.56,,
6/6/05,0.51,,
6/3/05,0.61,,
6/2/05,0.62,,
6/1/05,0.56,,
5/31/05,0.72,,
5/27/05,0.57,,
5/26/05,0.47,,
5/25/05,0.68,,
5/24/05,0.56,,
5/23/05,0.51,,
5/20/05,0.46,,
5/19/05,0.53,,
5/18/05,0.52,,
5/17/05,0.69,,
5/16/05,0.55,,
5/13/05,0.72,,
5/12/05,0.74,,
5/11/05,0.7,,
5/10/05,0.53,,
5/9/05,0.63,,
5/6/05,0.8,,
5/5/05,0.74,,
5/4/05,0.84,,
5/3/05,0.62,,
5/2/05,0.67,,
4/29/05,0.74,,
4/28/05,0.76,,
4/27/05,0.77,,
4/26/05,0.71,,
4/25/05,0.65,,
4/22/05,0.67,,
4/21/05,0.58,,
4/20/05,0.63,,
4/19/05,0.59,,
4/18/05,0.69,,
4/15/05,1,,
4/14/05,0.7,,
4/13/05,0.73,,
4/12/05,0.68,,
4/11/05,0.71,,
4/8/05,0.55,,
4/7/05,0.54,,
4/6/05,0.81,,
4/5/05,0.6,,
4/4/05,0.69,,
4/1/05,0.81,,
3/31/05,0.58,,
3/30/05,0.57,,
3/29/05,0.68,,
3/28/05,0.51,,
3/24/05,0.5,,
3/23/05,0.52,,
3/22/05,0.82,,
3/21/05,0.62,,
3/18/05,0.72,,
3/17/05,0.69,,
3/16/05,0.83,,
3/15/05,0.57,,
3/14/05,0.66,,
3/11/05,0.62,,
3/10/05,0.66,,
3/9/05,0.7,,
3/8/05,0.68,,
3/7/05,0.57,,
3/4/05,0.61,,
3/3/05,0.66,,
3/2/05,0.62,,
3/1/05,0.68,,
2/28/05,0.55,,
2/25/05,0.63,,
2/24/05,0.78,,
2/23/05,0.56,,
2/22/05,0.53,,
2/18/05,0.59,,
2/17/05,0.62,,
2/16/05,0.51,,
2/15/05,0.54,,
2/14/05,0.67,,
2/11/05,0.66,,
2/10/05,0.75,,
2/9/05,0.7,,
2/8/05,0.57,,
2/7/05,0.45,,
2/4/05,0.49,,
2/3/05,0.64,,
2/2/05,0.5,,
2/1/05,0.52,,
1/31/05,0.56,,
1/28/05,0.61,,
1/27/05,0.53,,
1/26/05,0.57,,
1/25/05,0.63,,
1/24/05,0.64,,
1/21/05,0.64,,
1/20/05,0.76,,
1/19/05,0.75,,
1/18/05,0.67,,
1/14/05,0.58,,
1/13/05,0.68,,
1/12/05,0.67,,
1/11/05,0.65,,
1/10/05,0.65,,
1/7/05,0.78,,
1/6/05,0.67,,
1/5/05,0.73,,
1/4/05,0.6,,
1/3/05,0.58,,
12/31/04,0.45,,
12/30/04,0.6,,
12/29/04,0.59,,
12/28/04,0.48,,
12/27/04,0.67,,
12/23/04,0.57,,
12/22/04,0.65,,
12/21/04,0.51,,
12/20/04,0.62,,
12/17/04,0.54,,
12/16/04,0.44,,
12/15/04,0.42,,
12/14/04,0.61,,
12/13/04,0.47,,
12/10/04,0.47,,
12/9/04,0.76,,
12/8/04,0.67,,
12/7/04,0.59,,
12/6/04,0.6,,
12/3/04,0.54,,
12/2/04,0.69,,
12/1/04,0.53,,
11/30/04,0.69,,
11/29/04,0.53,,
11/26/04,0.58,,
11/24/04,0.49,,
11/23/04,0.66,,
11/22/04,0.53,,
11/19/04,0.52,,
11/18/04,0.5,,
11/17/04,0.51,,
11/16/04,0.59,,
11/15/04,0.4,,
11/12/04,0.64,,
11/10/04,0.57,,
11/9/04,0.53,,
11/8/04,0.49,,
11/5/04,0.51,,
11/4/04,0.64,,
11/3/04,0.68,,
11/2/04,0.55,,
11/1/04,0.76,,
10/29/04,0.6,,
10/28/04,0.55,,
10/27/04,0.59,,
10/26/04,0.58,,
10/25/04,0.66,,
10/22/04,0.67,,
10/21/04,0.76,,
10/20/04,0.83,,
10/19/04,0.87,,
10/18/04,0.71,,
10/15/04,0.76,,
10/14/04,0.85,,
10/13/04,0.8,,
10/12/04,0.9,,
10/8/04,0.82,,
10/7/04,0.75,,
10/6/04,0.66,,
10/5/04,0.67,,
10/4/04,0.67,,
10/1/04,0.77,,
9/30/04,0.73,,
9/29/04,0.65,,
9/28/04,0.85,,
9/27/04,0.79,,
9/24/04,0.82,,
9/23/04,0.81,,
9/22/04,0.95,,
9/21/04,0.72,,
9/20/04,0.58,,
9/17/04,0.66,,
9/16/04,0.61,,
9/15/04,0.64,,
9/14/04,0.67,,
9/13/04,0.56,,
9/10/04,0.61,,
9/9/04,0.72,,
9/8/04,0.81,,
9/7/04,0.7,,
9/3/04,0.79,,
9/2/04,0.72,,
9/1/04,0.77,,
8/31/04,0.59,,
8/30/04,0.69,,
8/27/04,0.73,,
8/26/04,0.7,,
8/25/04,0.6,,
8/24/04,0.59,,
8/23/04,0.72,,
8/20/04,0.72,,
8/19/04,0.73,,
8/18/04,0.82,,
8/17/04,0.69,,
8/16/04,0.67,,
8/13/04,0.75,,
8/12/04,0.98,,
8/11/04,0.69,,
8/10/04,0.89,,
8/9/04,0.87,,
8/6/04,1.28,,
8/5/04,0.7,,
8/4/04,0.72,,
8/3/04,0.54,,
8/2/04,0.66,,
7/30/04,0.53,,
7/29/04,0.56,,
7/28/04,0.55,,
7/27/04,0.55,,
7/26/04,0.71,,
7/23/04,0.63,,
7/22/04,0.71,,
7/21/04,0.6,,
7/20/04,0.57,,
7/19/04,0.58,,
7/16/04,0.93,,
7/15/04,0.62,,
7/14/04,0.76,,
7/13/04,0.63,,
7/12/04,0.91,,
7/9/04,0.67,,
7/8/04,0.82,,
7/7/04,0.91,,
7/6/04,1,,
7/2/04,0.71,,
7/1/04,0.74,,
6/30/04,0.73,,
6/29/04,0.77,,
6/28/04,0.51,,
6/25/04,0.57,,
6/24/04,0.49,,
6/23/04,0.57,,
6/22/04,0.69,,
6/21/04,0.63,,
6/18/04,0.6,,
6/17/04,0.63,,
6/16/04,0.53,,
6/15/04,0.63,,
6/14/04,1.19,,
6/10/04,1.01,,
6/9/04,0.73,,
6/8/04,0.66,,
6/7/04,0.63,,
6/4/04,0.83,,
6/3/04,1.01,,
6/2/04,0.64,,
6/1/04,0.73,,
5/28/04,0.7,,
5/27/04,0.63,,
5/26/04,0.73,,
5/25/04,0.69,,
5/24/04,0.62,,
5/21/04,0.81,,
5/20/04,1.02,,
5/19/04,0.56,,
5/18/04,0.75,,
5/17/04,0.96,,
5/14/04,0.82,,
5/13/04,0.77,,
5/12/04,0.94,,
5/11/04,0.92,,
5/10/04,0.87,,
5/7/04,0.79,,
5/6/04,0.97,,
5/5/04,0.66,,
5/4/04,0.5,,
5/3/04,0.64,,
4/30/04,0.95,,
4/29/04,0.77,,
4/28/04,0.65,,
4/27/04,0.57,,
4/26/04,0.54,,
4/23/04,0.63,,
4/22/04,0.54,,
4/21/04,0.54,,
4/20/04,0.69,,
4/19/04,0.56,,
4/16/04,0.61,,
4/15/04,0.67,,
4/14/04,0.6,,
4/13/04,0.77,,
4/12/04,0.57,,
4/8/04,0.59,,
4/7/04,0.54,,
4/6/04,0.69,,
4/5/04,0.49,,
4/2/04,0.53,,
4/1/04,0.47,,
3/31/04,1.1,,
3/30/04,0.46,,
3/29/04,0.47,,
3/26/04,0.62,,
3/25/04,0.6,,
3/24/04,0.73,,
3/23/04,0.57,,
3/22/04,0.74,,
3/19/04,0.89,,
3/18/04,0.65,,
3/17/04,0.67,,
3/16/04,0.93,,
3/15/04,0.85,,
3/12/04,0.82,,
3/11/04,0.96,,
3/10/04,0.72,,
3/9/04,0.86,,
3/8/04,0.66,,
3/5/04,0.61,,
3/4/04,0.6,,
3/3/04,0.6,,
3/2/04,0.51,,
3/1/04,0.55,,
2/27/04,0.59,,
2/26/04,0.52,,
2/25/04,0.62,,
2/24/04,0.65,,
2/23/04,0.47,,
2/20/04,0.66,,
2/19/04,0.59,,
2/18/04,0.64,,
2/17/04,0.81,,
2/13/04,0.59,,
2/12/04,0.43,,
2/11/04,0.56,,
2/10/04,0.62,,
2/9/04,0.59,,
2/6/04,0.46,,
2/5/04,0.66,,
2/4/04,0.64,,
2/3/04,0.58,,
2/2/04,0.61,,
1/30/04,0.71,,
1/29/04,0.64,,
1/28/04,0.66,,
1/27/04,0.64,,
1/26/04,0.47,,
1/23/04,0.6,,
1/22/04,0.74,,
1/21/04,0.47,,
1/20/04,0.52,,
1/16/04,0.35,,
1/15/04,0.46,,
1/14/04,0.52,,
1/13/04,0.48,,
1/12/04,0.61,,
1/9/04,0.45,,
1/8/04,0.52,,
1/7/04,0.51,,
1/6/04,0.4,,
1/5/04,0.53,,
1/2/04,0.53,,
12/31/03,0.95,,
12/30/03,0.37,,
12/29/03,0.38,,
12/26/03,0.38,,
12/24/03,0.5,,
12/23/03,0.58,,
12/22/03,0.61,,
12/19/03,0.61,,
12/18/03,0.51,,
12/17/03,0.49,,
12/16/03,0.5,,
12/15/03,0.54,,
12/12/03,0.5,,
12/11/03,0.5,,
12/10/03,0.69,,
12/9/03,0.56,,
12/8/03,0.71,,
12/5/03,0.68,,
12/4/03,0.57,,
12/3/03,0.74,,
12/2/03,0.52,,
12/1/03,0.54,,
11/28/03,0.55,,
11/26/03,0.54,,
11/25/03,0.48,,
11/24/03,0.51,,
11/21/03,0.66,,
11/20/03,0.65,,
11/19/03,0.77,,
11/18/03,0.63,,
11/17/03,0.65,,
11/14/03,0.55,,
11/13/03,0.63,,
11/12/03,0.68,,
11/10/03,0.78,,
11/7/03,0.61,,
11/6/03,0.61,,
11/5/03,0.55,,
11/4/03,0.49,,
11/3/03,0.47,,
10/31/03,1.03,,
10/30/03,0.7,,
10/29/03,0.53,,
10/28/03,0.66,,
10/27/03,0.51,,
10/24/03,0.79,,
10/23/03,0.72,,
10/22/03,0.77,,
10/21/03,0.59,,
10/20/03,0.52,,
10/17/03,0.46,,
10/16/03,0.51,,
10/15/03,0.61,,
10/14/03,0.56,,
10/10/03,0.7,,
10/9/03,0.61,,
10/8/03,0.67,,
10/7/03,0.6,,
10/6/03,0.55,,
10/3/03,0.55,,
10/2/03,0.55,,
10/1/03,0.55,,
9/30/03,0.95,,
9/29/03,0.69,,
9/26/03,0.87,,
9/25/03,0.7,,
9/24/03,0.74,,
9/23/03,0.74,,
9/22/03,0.6,,
9/19/03,0.54,,
9/18/03,0.47,,
9/17/03,0.47,,
9/16/03,0.5,,
9/15/03,0.55,,
9/12/03,0.7,,
9/11/03,0.75,,
9/10/03,0.82,,
9/9/03,0.67,,
9/8/03,0.38,,
9/5/03,0.55,,
9/4/03,0.56,,
9/3/03,0.53,,
9/2/03,0.51,,
8/29/03,1.15,,
8/28/03,0.91,,
8/27/03,0.91,,
8/26/03,0.68,,
8/25/03,0.96,,
8/22/03,0.72,,
8/21/03,0.52,,
8/20/03,0.49,,
8/19/03,0.5,,
8/18/03,0.51,,
8/15/03,0.43,,
8/14/03,0.53,,
8/13/03,0.56,,
8/12/03,0.5,,
8/11/03,0.5,,
8/8/03,0.63,,
8/7/03,0.91,,
8/6/03,0.68,,
8/5/03,0.81,,
8/4/03,0.77,,
8/1/03,0.74,,
7/31/03,0.55,,
7/30/03,0.69,,
7/29/03,0.92,,
7/28/03,0.58,,
7/25/03,0.54,,
7/24/03,0.64,,
7/23/03,0.71,,
7/22/03,0.75,,
7/21/03,0.68,,
7/18/03,0.53,,
7/17/03,0.82,,
7/16/03,0.52,,
7/15/03,0.4,,
7/14/03,0.48,,
7/11/03,0.89,,
7/10/03,0.65,,
7/9/03,0.63,,
7/8/03,0.48,,
7/7/03,0.61,,
7/3/03,0.85,,
7/2/03,0.64,,
7/1/03,0.9,,
6/30/03,0.83,,
6/27/03,0.81,,
6/26/03,0.77,,
6/25/03,0.64,,
6/24/03,0.59,,
6/23/03,0.59,,
6/20/03,0.36,,
6/19/03,0.48,,
6/18/03,0.33,,
6/17/03,1.11,,
6/16/03,0.41,,
6/13/03,0.59,,
6/12/03,0.72,,
6/11/03,0.49,,
6/10/03,0.67,,
6/9/03,0.71,,
6/6/03,0.66,,
6/5/03,0.35,,
6/4/03,0.59,,
6/3/03,0.78,,
6/2/03,0.5,,
5/30/03,0.49,,
5/29/03,0.61,,
5/28/03,0.48,,
5/27/03,0.43,,
5/23/03,0.59,,
5/22/03,0.89,,
5/21/03,0.85,,
5/20/03,0.86,,
5/19/03,0.9,,
5/16/03,0.4,,
5/15/03,0.52,,
5/14/03,0.61,,
5/13/03,0.56,,
5/12/03,0.59,,
5/9/03,0.66,,
5/8/03,0.84,,
5/7/03,0.75,,
5/6/03,0.74,,
5/5/03,0.61,,
5/2/03,0.51,,
5/1/03,0.72,,
4/30/03,0.64,,
4/29/03,0.8,,
4/28/03,0.52,,
4/25/03,0.76,,
4/24/03,0.68,,
4/23/03,0.56,,
4/22/03,0.77,,
4/21/03,0.61,,
4/17/03,0.42,,
4/16/03,0.58,,
4/15/03,0.7,,
4/14/03,0.6,,
4/11/03,0.66,,
4/10/03,0.89,,
4/9/03,0.65,,
4/8/03,0.69,,
4/7/03,0.65,,
4/4/03,0.71,,
4/3/03,0.7,,
4/2/03,0.53,,
4/1/03,0.72,,
3/31/03,0.81,,
3/28/03,1.32,,
3/27/03,0.63,,
3/26/03,0.7,,
3/25/03,0.84,,
3/24/03,0.74,,
3/21/03,0.42,,
3/20/03,0.52,,
3/19/03,0.57,,
3/18/03,0.46,,
3/17/03,0.67,,
3/14/03,0.58,,
3/13/03,0.61,,
3/12/03,0.72,,
3/11/03,0.66,,
3/10/03,0.74,,
3/7/03,0.64,,
3/6/03,1.19,,
3/5/03,0.66,,
3/4/03,0.8,,
3/3/03,0.62,,
2/28/03,0.5,,
2/27/03,0.44,,
2/26/03,0.71,,
2/25/03,0.56,,
2/24/03,0.51,,
2/21/03,0.74,,
2/20/03,0.79,,
2/19/03,0.71,,
2/18/03,0.7,,
2/14/03,0.79,,
2/13/03,1.05,,
2/12/03,0.7,,
2/11/03,0.67,,
2/10/03,1.1,,
2/7/03,0.7,,
2/6/03,1.26,,
2/5/03,1.08,,
2/4/03,0.78,,
2/3/03,1.1,,
1/31/03,0.67,,
1/30/03,0.7,,
1/29/03,0.64,,
1/28/03,0.46,,
1/27/03,0.78,,
1/24/03,0.64,,
1/23/03,0.6,,
1/22/03,0.62,,
1/21/03,0.43,,
1/17/03,0.74,,
1/16/03,0.7,,
1/15/03,0.75,,
1/14/03,0.56,,
1/13/03,0.59,,
1/10/03,0.58,,
1/9/03,0.67,,
1/8/03,0.77,,
1/7/03,0.51,,
1/6/03,0.48,,
1/3/03,0.7,,
1/2/03,0.62,,
12/31/02,0.51,,
12/30/02,0.6,,
12/27/02,0.78,,
12/26/02,0.68,,
12/24/02,0.41,,
12/23/02,0.47,,
12/20/02,0.68,,
12/19/02,0.81,,
12/18/02,0.7,,
12/17/02,0.59,,
12/16/02,0.96,,
12/13/02,0.67,,
12/12/02,0.69,,
12/11/02,0.61,,
12/10/02,0.71,,
12/9/02,0.58,,
12/6/02,0.74,,
12/5/02,0.7,,
12/4/02,0.8,,
12/3/02,0.83,,
12/2/02,0.54,,
11/29/02,0.47,,
11/27/02,0.53,,
11/26/02,0.72,,
11/25/02,0.5,,
11/22/02,0.6,,
11/21/02,0.62,,
11/20/02,0.56,,
11/19/02,0.72,,
11/18/02,0.54,,
11/15/02,0.44,,
11/14/02,0.5,,
11/13/02,0.61,,
11/12/02,0.72,,
11/8/02,0.88,,
11/7/02,0.78,,
11/6/02,0.52,,
11/5/02,0.62,,
11/4/02,0.56,,
11/1/02,0.56,,
10/31/02,0.79,,
10/30/02,0.76,,
10/29/02,0.64,,
10/28/02,0.58,,
10/25/02,0.64,,
10/24/02,0.7,,
10/23/02,0.53,,
10/22/02,0.66,,
10/21/02,0.54,,
10/18/02,0.58,,
10/17/02,0.52,,
10/16/02,1.15,,
10/15/02,0.54,,
10/11/02,0.7,,
10/10/02,0.67,,
10/9/02,0.79,,
10/8/02,0.71,,
10/7/02,0.8,,
10/4/02,0.69,,
10/3/02,0.98,,
10/2/02,0.67,,
10/1/02,0.65,,
9/30/02,0.82,,
9/27/02,0.67,,
9/26/02,0.5,,
9/25/02,0.58,,
9/24/02,0.65,,
9/23/02,0.66,,
9/20/02,1.03,,
9/19/02,1.04,,
9/18/02,1.17,,
9/17/02,1.14,,
9/16/02,0.99,,
9/13/02,0.71,,
9/12/02,0.67,,
9/11/02,0.49,,
9/10/02,0.57,,
9/9/02,0.67,,
9/6/02,0.62,,
9/5/02,0.69,,
9/4/02,0.6,,
9/3/02,0.88,,
8/30/02,0.63,,
8/29/02,0.75,,
8/28/02,0.74,,
8/27/02,0.69,,
8/26/02,0.65,,
8/23/02,0.67,,
8/22/02,0.41,,
8/21/02,0.5,,
8/20/02,0.61,,
8/19/02,0.45,,
8/16/02,0.38,,
8/15/02,0.42,,
8/14/02,0.65,,
8/13/02,0.52,,
8/12/02,0.62,,
8/9/02,0.55,,
8/8/02,0.57,,
8/7/02,0.65,,
8/6/02,0.62,,
8/5/02,0.66,,
8/2/02,0.67,,
8/1/02,0.57,,
7/31/02,0.62,,
7/30/02,0.58,,
7/29/02,0.52,,
7/26/02,0.59,,
7/25/02,0.63,,
7/24/02,0.62,,
7/23/02,0.62,,
7/22/02,0.63,,
7/19/02,1.09,,
7/18/02,0.82,,
7/17/02,0.73,,
7/16/02,0.67,,
7/15/02,0.69,,
7/12/02,0.55,,
7/11/02,0.73,,
7/10/02,0.72,,
7/9/02,0.71,,
7/8/02,0.84,,
7/5/02,0.52,,
7/3/02,0.81,,
7/2/02,0.91,,
7/1/02,0.73,,
6/28/02,0.56,,
6/27/02,0.55,,
6/26/02,0.86,,
6/25/02,0.65,,
6/24/02,0.66,,
6/21/02,1.16,,
6/20/02,0.83,,
6/19/02,0.68,,
6/18/02,0.77,,
6/17/02,0.6,,
6/14/02,0.88,,
6/13/02,0.75,,
6/12/02,0.85,,
6/11/02,0.83,,
6/10/02,0.81,,
6/7/02,0.67,,
6/6/02,0.82,,
6/5/02,0.65,,
6/4/02,0.67,,
6/3/02,0.69,,
5/31/02,0.55,,
5/30/02,0.67,,
5/29/02,0.7,,
5/28/02,0.84,,
5/24/02,0.59,,
5/23/02,0.51,,
5/22/02,0.7,,
5/21/02,0.72,,
5/20/02,0.64,,
5/17/02,0.64,,
5/16/02,0.72,,
5/15/02,0.49,,
5/14/02,0.49,,
5/13/02,0.68,,
5/10/02,0.67,,
5/9/02,0.68,,
5/8/02,0.57,,
5/7/02,0.69,,
5/6/02,0.63,,
5/3/02,0.82,,
5/2/02,0.84,,
5/1/02,0.62,,
4/30/02,0.64,,
4/29/02,0.67,,
4/26/02,0.79,,
4/25/02,0.68,,
4/24/02,0.64,,
4/23/02,0.61,,
4/22/02,0.58,,
4/19/02,0.66,,
4/18/02,0.81,,
4/17/02,0.71,,
4/16/02,0.51,,
4/15/02,0.68,,
4/12/02,0.88,,
4/11/02,0.73,,
4/10/02,0.78,,
4/9/02,0.81,,
4/8/02,0.8,,
4/5/02,0.7,,
4/4/02,0.78,,
4/3/02,0.72,,
4/2/02,0.74,,
4/1/02,0.6,,
3/28/02,0.7,,
3/27/02,0.6,,
3/26/02,0.59,,
3/25/02,0.58,,
3/22/02,0.61,,
3/21/02,0.62,,
3/20/02,0.82,,
3/19/02,0.57,,
3/18/02,0.55,,
3/15/02,0.53,,
3/14/02,0.78,,
3/13/02,0.73,,
3/12/02,0.54,,
3/11/02,0.48,,
3/8/02,0.49,,
3/7/02,0.57,,
3/6/02,0.5,,
3/5/02,0.57,,
3/4/02,0.55,,
3/1/02,0.53,,
2/28/02,0.74,,
2/27/02,0.65,,
2/26/02,0.68,,
2/25/02,0.62,,
2/22/02,0.79,,
2/21/02,0.7,,
2/20/02,0.77,,
2/19/02,0.71,,
2/15/02,1.08,,
2/14/02,0.67,,
2/13/02,0.6,,
2/12/02,0.74,,
2/11/02,0.65,,
2/8/02,0.65,,
2/7/02,0.78,,
2/6/02,0.88,,
2/5/02,0.92,,
2/4/02,0.91,,
2/1/02,0.6,,
1/31/02,0.55,,
1/30/02,0.93,,
1/29/02,0.76,,
1/28/02,0.58,,
1/25/02,0.61,,
1/24/02,0.39,,
1/23/02,0.45,,
1/22/02,0.59,,
1/18/02,0.77,,
1/17/02,0.68,,
1/16/02,0.8,,
1/15/02,0.67,,
1/14/02,0.77,,
1/11/02,0.57,,
1/10/02,0.5,,
1/9/02,0.68,,
1/8/02,0.5,,
1/7/02,0.61,,
1/4/02,0.55,,
1/3/02,0.56,,
1/2/02,0.6,,
12/31/01,0.64,,
12/28/01,0.59,,
12/27/01,0.49,,
12/26/01,0.49,,
12/24/01,0.46,,
12/21/01,0.61,,
12/20/01,0.78,,
12/19/01,0.55,,
12/18/01,0.53,,
12/17/01,0.54,,
12/14/01,0.66,,
12/13/01,0.62,,
12/12/01,0.77,,
12/11/01,0.66,,
12/10/01,0.57,,
12/7/01,0.69,,
12/6/01,0.62,,
12/5/01,0.5,,
12/4/01,0.49,,
12/3/01,0.6,,
11/30/01,0.56,,
11/29/01,0.66,,
11/28/01,0.69,,
11/27/01,0.66,,
11/26/01,0.53,,
11/23/01,0.48,,
11/21/01,0.65,,
11/20/01,0.47,,
11/19/01,0.46,,
11/16/01,0.42,,
11/15/01,0.6,,
11/14/01,0.59,,
11/13/01,0.46,,
11/9/01,0.61,,
11/8/01,0.59,,
11/7/01,0.62,,
11/6/01,0.47,,
11/5/01,0.46,,
11/2/01,0.57,,
11/1/01,0.48,,
10/31/01,0.59,,
10/30/01,0.76,,
10/29/01,0.6,,
10/26/01,0.44,,
10/25/01,0.53,,
10/24/01,0.58,,
10/23/01,0.5,,
10/22/01,0.42,,
10/19/01,0.68,,
10/18/01,0.79,,
10/17/01,0.6,,
10/16/01,0.58,,
10/15/01,0.71,,
10/12/01,0.63,,
10/11/01,0.52,,
10/10/01,0.65,,
10/9/01,0.97,,
10/5/01,0.79,,
10/4/01,0.47,,
10/3/01,0.47,,
10/2/01,0.65,,
10/1/01,0.65,,
9/28/01,0.49,,
9/27/01,0.71,,
9/26/01,0.73,,
9/25/01,0.43,,
9/24/01,0.44,,
9/21/01,1.14,,
9/20/01,1.21,,
9/19/01,0.72,,
9/18/01,1.03,,
9/17/01,1.08,,
9/10/01,0.89,,
9/7/01,0.7,,
9/6/01,0.82,,
9/5/01,0.85,,
9/4/01,0.71,,
8/31/01,0.62,,
8/30/01,0.74,,
8/29/01,0.68,,
8/28/01,0.8,,
8/27/01,0.54,,
8/24/01,0.48,,
8/23/01,0.55,,
8/22/01,0.62,,
8/21/01,0.59,,
8/20/01,0.48,,
8/17/01,0.96,,
8/16/01,0.85,,
8/15/01,0.81,,
8/14/01,0.66,,
8/13/01,0.62,,
8/10/01,0.66,,
8/9/01,0.69,,
8/8/01,0.67,,
8/7/01,0.73,,
8/6/01,0.58,,
8/3/01,0.69,,
8/2/01,0.47,,
8/1/01,0.5,,
7/31/01,0.51,,
7/30/01,0.5,,
7/27/01,0.4,,
7/26/01,0.47,,
7/25/01,0.63,,
7/24/01,0.63,,
7/23/01,0.44,,
7/20/01,0.77,,
7/19/01,0.68,,
7/18/01,0.75,,
7/17/01,0.54,,
7/16/01,0.73,,
7/13/01,0.59,,
7/12/01,0.42,,
7/11/01,0.77,,
7/10/01,0.92,,
7/9/01,0.69,,
7/6/01,0.76,,
7/5/01,0.65,,
7/3/01,0.56,,
7/2/01,0.57,,
6/29/01,0.51,,
6/28/01,0.4,,
6/27/01,0.62,,
6/26/01,0.58,,
6/25/01,0.55,,
6/22/01,0.63,,
6/21/01,0.65,,
6/20/01,0.51,,
6/19/01,0.65,,
6/18/01,0.53,,
6/15/01,0.87,,
6/14/01,0.8,,
6/13/01,0.49,,
6/12/01,0.74,,
6/11/01,0.63,,
6/8/01,0.57,,
6/7/01,0.46,,
6/6/01,0.64,,
6/5/01,0.58,,
6/4/01,0.56,,
6/1/01,0.47,,
5/31/01,0.68,,
5/30/01,0.62,,
5/29/01,0.69,,
5/25/01,0.51,,
5/24/01,0.52,,
5/23/01,0.62,,
5/22/01,0.54,,
5/21/01,0.39,,
5/18/01,0.41,,
5/17/01,0.46,,
5/16/01,0.49,,
5/15/01,0.75,,
5/14/01,0.54,,
5/11/01,0.53,,
5/10/01,0.59,,
5/9/01,0.56,,
5/8/01,0.55,,
5/7/01,0.45,,
5/4/01,0.55,,
5/3/01,0.67,,
5/2/01,0.48,,
5/1/01,0.51,,
4/30/01,0.42,,
4/27/01,0.53,,
4/26/01,0.47,,
4/25/01,0.58,,
4/24/01,0.6,,
4/23/01,0.54,,
4/20/01,0.41,,
4/19/01,0.4,,
4/18/01,0.4,,
4/17/01,0.72,,
4/16/01,0.63,,
4/12/01,0.65,,
4/11/01,0.62,,
4/10/01,0.44,,
4/9/01,0.85,,
4/6/01,0.71,,
4/5/01,0.61,,
4/4/01,0.66,,
4/3/01,0.83,,
4/2/01,0.62,,
3/30/01,0.63,,
3/29/01,0.78,,
3/28/01,0.73,,
3/27/01,0.57,,
3/26/01,0.47,,
3/23/01,0.42,,
3/22/01,0.55,,
3/21/01,0.68,,
3/20/01,0.6,,
3/19/01,0.51,,
3/16/01,0.97,,
3/15/01,0.76,,
3/14/01,0.76,,
3/13/01,0.91,,
3/12/01,0.75,,
3/9/01,0.76,,
3/8/01,0.7,,
3/7/01,0.49,,
3/6/01,0.52,,
3/5/01,0.64,,
3/2/01,0.7,,
3/1/01,0.57,,
2/28/01,0.72,,
2/27/01,0.74,,
2/26/01,0.5,,
2/23/01,0.53,,
2/22/01,0.68,,
2/21/01,0.62,,
2/20/01,0.62,,
2/16/01,0.8,,
2/15/01,0.58,,
2/14/01,0.63,,
2/13/01,0.69,,
2/12/01,0.55,,
2/9/01,0.6,,
2/8/01,0.66,,
2/7/01,0.52,,
2/6/01,0.62,,
2/5/01,0.51,,
2/2/01,0.54,,
2/1/01,0.48,,
1/31/01,0.55,,
1/30/01,0.54,,
1/29/01,0.46,,
1/26/01,0.57,,
1/25/01,0.56,,
1/24/01,0.49,,
1/23/01,0.57,,
1/22/01,0.43,,
1/19/01,0.43,,
1/18/01,0.52,,
1/17/01,0.44,,
1/16/01,0.5,,
1/12/01,0.54,,
1/11/01,0.43,,
1/10/01,0.53,,
1/9/01,0.88,,
1/8/01,0.55,,
1/5/01,0.57,,
1/4/01,0.48,,
1/3/01,0.44,,
1/2/01,0.77,,
12/29/00,0.56,,
12/28/00,0.56,,
12/27/00,0.69,,
12/26/00,0.96,,
12/22/00,0.57,,
12/21/00,0.61,,
12/20/00,0.67,,
12/19/00,0.66,,
12/18/00,0.51,,
12/15/00,0.91,,
12/14/00,0.86,,
12/13/00,0.62,,
12/12/00,0.61,,
12/11/00,0.52,,
12/8/00,0.55,,
12/7/00,0.7,,
12/6/00,0.54,,
12/5/00,0.6,,
12/4/00,0.62,,
12/1/00,0.58,,
11/30/00,0.67,,
11/29/00,0.79,,
11/28/00,0.65,,
11/27/00,0.43,,
11/24/00,0.54,,
11/22/00,0.75,,
11/21/00,0.56,,
11/20/00,0.72,,
11/17/00,0.84,,
11/16/00,0.76,,
11/15/00,0.52,,
11/14/00,0.6,,
11/13/00,0.77,,
11/10/00,0.73,,
11/9/00,0.68,,
11/8/00,0.65,,
11/7/00,0.53,,
11/6/00,0.54,,
11/3/00,0.52,,
11/2/00,0.44,,
11/1/00,0.43,,
10/31/00,0.59,,
10/30/00,0.51,,
10/27/00,0.52,,
10/26/00,0.6,,
10/25/00,0.52,,
10/24/00,0.57,,
10/23/00,0.42,,
10/20/00,0.44,,
10/19/00,0.55,,
10/18/00,0.9,,
10/17/00,0.81,,
10/16/00,0.59,,
10/13/00,0.64,,
10/12/00,0.74,,
10/11/00,0.76,,
10/10/00,0.77,,
10/6/00,0.62,,
10/5/00,0.7,,
10/4/00,0.64,,
10/3/00,0.69,,
10/2/00,0.68,,
9/29/00,0.54,,
9/28/00,0.44,,
9/27/00,0.63,,
9/26/00,0.54,,
9/25/00,0.49,,
9/22/00,0.48,,
9/21/00,0.64,,
9/20/00,0.53,,
9/19/00,0.52,,
9/18/00,0.5,,
9/15/00,0.59,,
9/14/00,0.5,,
9/13/00,0.58,,
9/12/00,0.52,,
9/11/00,0.51,,
9/8/00,0.47,,
9/7/00,0.42,,
9/6/00,0.44,,
9/5/00,0.41,,
9/1/00,0.43,,
8/31/00,0.37,,
8/30/00,0.44,,
8/29/00,0.47,,
8/28/00,0.39,,
8/25/00,0.43,,
8/24/00,0.38,,
8/23/00,0.46,,
8/22/00,0.47,,
8/21/00,0.78,,
8/18/00,0.41,,
8/17/00,0.53,,
8/16/00,0.45,,
8/15/00,0.46,,
8/14/00,0.41,,
8/11/00,0.49,,
8/10/00,0.56,,
8/9/00,0.5,,
8/8/00,0.42,,
8/7/00,0.42,,
8/4/00,0.35,,
8/3/00,0.49,,
8/2/00,0.48,,
8/1/00,0.52,,
7/31/00,0.43,,
7/28/00,0.46,,
7/27/00,0.46,,
7/26/00,0.5,,
7/25/00,0.46,,
7/24/00,0.41,,
7/21/00,0.55,,
7/20/00,0.4,,
7/19/00,0.55,,
7/18/00,0.45,,
7/17/00,0.36,,
7/14/00,0.33,,
7/13/00,0.37,,
7/12/00,0.34,,
7/11/00,0.47,,
7/10/00,0.4,,
7/7/00,0.37,,
7/6/00,0.51,,
7/5/00,0.49,,
7/3/00,0.57,,
6/30/00,0.45,,
6/29/00,0.42,,
6/28/00,0.53,,
6/27/00,0.47,,
6/26/00,0.47,,
6/23/00,0.53,,
6/22/00,0.46,,
6/21/00,0.43,,
6/20/00,0.48,,
6/19/00,0.39,,
6/16/00,0.47,,
6/15/00,0.43,,
6/14/00,0.43,,
6/13/00,0.53,,
6/12/00,0.44,,
6/9/00,0.42,,
6/8/00,0.36,,
6/7/00,0.41,,
6/6/00,0.41,,
6/5/00,0.42,,
6/2/00,0.32,,
6/1/00,0.39,,
5/31/00,0.43,,
5/30/00,0.36,,
5/26/00,0.61,,
5/25/00,0.49,,
5/24/00,0.46,,
5/23/00,0.41,,
5/22/00,0.51,,
5/19/00,0.81,,
5/18/00,0.47,,
5/17/00,0.55,,
5/16/00,0.52,,
5/15/00,0.42,,
5/12/00,0.44,,
5/11/00,0.65,,
5/10/00,0.55,,
5/9/00,0.42,,
5/8/00,0.43,,
5/5/00,0.46,,
5/4/00,0.49,,
5/3/00,0.61,,
5/2/00,0.49,,
5/1/00,0.33,,
4/28/00,0.41,,
4/27/00,0.42,,
4/26/00,0.4,,
4/25/00,0.34,,
4/24/00,0.42,,
4/20/00,0.68,,
4/19/00,0.5,,
4/18/00,0.55,,
4/17/00,0.66,,
4/14/00,0.77,,
4/13/00,0.57,,
4/12/00,0.5,,
4/11/00,0.42,,
4/10/00,0.33,,
4/7/00,0.32,,
4/6/00,0.41,,
4/5/00,0.39,,
4/4/00,0.45,,
4/3/00,0.43,,
3/31/00,0.35,,
3/30/00,0.39,,
3/29/00,0.36,,
3/28/00,0.38,,
3/27/00,0.36,,
3/24/00,0.34,,
3/23/00,0.37,,
3/22/00,0.38,,
3/21/00,0.36,,
3/20/00,0.36,,
3/17/00,0.35,,
3/16/00,0.38,,
3/15/00,0.45,,
3/14/00,0.34,,
3/13/00,0.34,,
3/10/00,0.31,,
3/9/00,0.32,,
3/8/00,0.39,,
3/7/00,0.38,,
3/6/00,0.35,,
3/3/00,0.32,,
3/2/00,0.33,,
3/1/00,0.39,,
2/29/00,0.36,,
2/28/00,0.41,,
2/25/00,0.36,,
2/24/00,0.36,,
2/23/00,0.33,,
2/22/00,0.39,,
2/18/00,0.53,,
2/17/00,0.46,,
2/16/00,0.41,,
2/15/00,0.44,,
2/14/00,0.45,,
2/11/00,0.43,,
2/10/00,0.41,,
2/9/00,0.44,,
2/8/00,0.45,,
2/7/00,0.35,,
2/4/00,0.35,,
2/3/00,0.39,,
2/2/00,0.38,,
2/1/00,0.38,,
1/31/00,0.45,,
1/28/00,0.45,,
1/27/00,0.42,,
1/26/00,0.45,,
1/25/00,0.45,,
1/24/00,0.38,,
1/21/00,0.41,,
1/20/00,0.41,,
1/19/00,0.39,,
1/18/00,0.35,,
1/14/00,0.31,,
1/13/00,0.37,,
1/12/00,0.37,,
1/11/00,0.36,,
1/10/00,0.32,,
1/7/00,0.43,,
1/6/00,0.39,,
1/5/00,0.4,,
1/4/00,0.42,,
1/3/00,0.34,,
12/31/99,0.35,,
12/30/99,0.38,,
12/29/99,0.38,,
12/28/99,0.44,,
12/27/99,0.35,,
12/23/99,0.35,,
12/22/99,0.36,,
12/21/99,0.35,,
12/20/99,0.41,,
12/17/99,0.34,,
12/16/99,0.36,,
12/15/99,0.37,,
12/14/99,0.37,,
12/13/99,0.32,,
12/10/99,0.35,,
12/9/99,0.34,,
12/8/99,0.36,,
12/7/99,0.42,,
12/6/99,0.36,,
12/3/99,0.33,,
12/2/99,0.38,,
12/1/99,0.44,,
11/30/99,0.45,,
11/29/99,0.39,,
11/26/99,0.32,,
11/24/99,0.37,,
11/23/99,0.38,,
11/22/99,0.36,,
11/19/99,0.33,,
11/18/99,0.33,,
11/17/99,0.39,,
11/16/99,0.33,,
11/15/99,0.36,,
11/12/99,0.51,,
11/10/99,0.4,,
11/9/99,0.38,,
11/8/99,0.41,,
11/5/99,0.4,,
11/4/99,0.39,,
11/3/99,0.45,,
11/2/99,0.46,,
11/1/99,0.42,,
10/29/99,0.37,,
10/28/99,0.42,,
10/27/99,0.56,,
10/26/99,0.46,,
10/25/99,0.52,,
10/22/99,0.46,,
10/21/99,0.51,,
10/20/99,0.44,,
10/19/99,0.39,,
10/18/99,0.48,,
10/15/99,0.91,,
10/14/99,0.54,,
10/13/99,0.68,,
10/12/99,0.5,,
10/8/99,0.49,,
10/7/99,0.46,,
10/6/99,0.41,,
10/5/99,0.41,,
10/4/99,0.47,,
10/1/99,0.56,,
9/30/99,0.54,,
9/29/99,0.48,,
9/28/99,0.56,,
9/27/99,0.46,,
9/24/99,0.58,,
9/23/99,0.53,,
9/22/99,0.59,,
9/21/99,0.56,,
9/20/99,0.42,,
9/17/99,0.57,,
9/16/99,0.61,,
9/15/99,0.56,,
9/14/99,0.53,,
9/13/99,0.5,,
9/10/99,0.39,,
9/9/99,0.46,,
9/8/99,0.48,,
9/7/99,0.46,,
9/3/99,0.4,,
9/2/99,0.54,,
9/1/99,0.89,,
8/31/99,0.52,,
8/30/99,0.51,,
8/27/99,0.56,,
8/26/99,0.46,,
8/25/99,0.44,,
8/24/99,0.36,,
8/23/99,0.38,,
8/20/99,0.56,,
8/19/99,0.59,,
8/18/99,0.44,,
8/17/99,0.42,,
8/16/99,0.48,,
8/13/99,0.45,,
8/12/99,0.49,,
8/11/99,0.48,,
8/10/99,0.6,,
8/9/99,0.62,,
8/6/99,0.62,,
8/5/99,0.54,,
8/4/99,0.55,,
8/3/99,0.57,,
8/2/99,0.53,,
7/30/99,0.54,,
7/29/99,0.5,,
7/28/99,0.52,,
7/27/99,0.44,,
7/26/99,0.49,,
7/23/99,0.49,,
7/22/99,0.49,,
7/21/99,0.49,,
7/20/99,0.48,,
7/19/99,0.42,,
7/16/99,0.37,,
7/15/99,0.45,,
7/14/99,0.32,,
7/13/99,0.45,,
7/12/99,0.42,,
7/9/99,0.36,,
7/8/99,0.4,,
7/7/99,0.44,,
7/6/99,0.3,,
7/2/99,0.33,,
7/1/99,0.33,,
6/30/99,0.31,,
6/29/99,0.34,,
6/28/99,0.36,,
6/25/99,0.42,,
6/24/99,0.45,,
6/23/99,0.49,,
6/22/99,0.41,,
6/21/99,0.32,,
6/18/99,0.34,,
6/17/99,0.39,,
6/16/99,0.32,,
6/15/99,0.42,,
6/14/99,0.52,,
6/11/99,0.49,,
6/10/99,0.49,,
6/9/99,0.45,,
6/8/99,0.46,,
6/7/99,0.37,,
6/4/99,0.4,,
6/3/99,0.41,,
6/2/99,0.42,,
6/1/99,0.49,,
5/28/99,0.41,,
5/27/99,0.5,,
5/26/99,0.42,,
5/25/99,0.47,,
5/24/99,0.41,,
5/21/99,0.51,,
5/20/99,0.32,,
5/19/99,0.38,,
5/18/99,0.37,,
5/17/99,0.41,,
5/14/99,0.48,,
5/13/99,0.43,,
5/12/99,0.42,,
5/11/99,0.34,,
5/10/99,0.46,,
5/7/99,0.39,,
5/6/99,0.36,,
5/5/99,0.39,,
5/4/99,0.41,,
5/3/99,0.42,,
4/30/99,0.37,,
4/29/99,0.38,,
4/28/99,0.38,,
4/27/99,0.33,,
4/26/99,0.34,,
4/23/99,0.38,,
4/22/99,0.34,,
4/21/99,0.34,,
4/20/99,0.42,,
4/19/99,0.36,,
4/16/99,0.5,,
4/15/99,0.47,,
4/14/99,0.39,,
4/13/99,0.38,,
4/12/99,0.35,,
4/9/99,0.34,,
4/8/99,0.37,,
4/7/99,0.37,,
4/6/99,0.34,,
4/5/99,0.4,,
4/1/99,0.42,,
3/31/99,0.47,,
3/30/99,0.46,,
3/29/99,0.37,,
3/26/99,0.36,,
3/25/99,0.39,,
3/24/99,0.49,,
3/23/99,0.55,,
3/22/99,0.4,,
3/19/99,0.39,,
3/18/99,0.43,,
3/17/99,0.43,,
3/16/99,0.35,,
3/15/99,0.4,,
3/12/99,0.48,,
3/11/99,0.47,,
3/10/99,0.39,,
3/9/99,0.45,,
3/8/99,0.45,,
3/5/99,0.36,,
3/4/99,0.42,,
3/3/99,0.42,,
3/2/99,0.49,,
3/1/99,0.48,,
2/26/99,0.48,,
2/25/99,0.52,,
2/24/99,0.45,,
2/23/99,0.39,,
2/22/99,0.3,,
2/19/99,0.57,,
2/18/99,0.67,,
2/17/99,0.5,,
2/16/99,0.46,,
2/12/99,0.5,,
2/11/99,0.36,,
2/10/99,0.51,,
2/9/99,0.47,,
2/8/99,0.37,,
2/5/99,0.51,,
2/4/99,0.42,,
2/3/99,0.34,,
2/2/99,0.36,,
2/1/99,0.32,,
1/29/99,0.34,,
1/28/99,0.41,,
1/27/99,0.38,,
1/26/99,0.34,,
1/25/99,0.42,,
1/22/99,0.41,,
1/21/99,0.44,,
1/20/99,0.32,,
1/19/99,0.35,,
1/15/99,0.45,,
1/14/99,0.54,,
1/13/99,0.45,,
1/12/99,0.48,,
1/11/99,0.3,,
1/8/99,0.34,,
1/7/99,0.32,,
1/6/99,0.31,,
1/5/99,0.32,,
1/4/99,0.37,,
12/31/98,0.44,,
12/30/98,0.42,,
12/29/98,0.39,,
12/28/98,0.33,,
12/24/98,0.42,,
12/23/98,0.43,,
12/22/98,0.4,,
12/21/98,0.39,,
12/18/98,0.38,,
12/17/98,0.52,,
12/16/98,0.38,,
12/15/98,0.39,,
12/14/98,0.56,,
12/11/98,0.46,,
12/10/98,0.39,,
12/9/98,0.42,,
12/8/98,0.38,,
12/7/98,0.35,,
12/4/98,0.47,,
12/3/98,0.42,,
12/2/98,0.44,,
12/1/98,0.4,,
11/30/98,0.41,,
11/27/98,0.3,,
11/25/98,0.39,,
11/24/98,0.43,,
11/23/98,0.34,,
11/20/98,0.34,,
11/19/98,0.41,,
11/18/98,0.41,,
11/17/98,0.41,,
11/16/98,0.52,,
11/13/98,0.45,,
11/12/98,0.5,,
11/10/98,0.5,,
11/9/98,0.46,,
11/6/98,0.41,,
11/5/98,0.4,,
11/4/98,0.5,,
11/3/98,0.47,,
11/2/98,0.37,,
10/30/98,0.46,,
10/29/98,0.56,,
10/28/98,0.46,,
10/27/98,0.5,,
10/26/98,0.45,,
10/23/98,0.48,,
10/22/98,0.48,,
10/21/98,0.55,,
10/20/98,0.47,,
10/19/98,0.4,,
10/16/98,0.42,,
10/15/98,0.56,,
10/14/98,0.67,,
10/13/98,0.72,,
10/9/98,0.66,,
10/8/98,1.08,,
10/7/98,0.71,,
10/6/98,0.81,,
10/5/98,0.86,,
10/2/98,0.71,,
10/1/98,0.73,,
9/30/98,0.66,,
9/29/98,0.51,,
9/28/98,0.54,,
9/25/98,0.57,,
9/24/98,0.48,,
9/23/98,0.38,,
9/22/98,0.51,,
9/21/98,0.44,,
9/18/98,0.79,,
9/17/98,0.87,,
9/16/98,0.52,,
9/15/98,0.6,,
9/14/98,0.62,,
9/11/98,0.54,,
9/10/98,0.78,,
9/9/98,0.5,,
9/8/98,0.48,,
9/4/98,0.72,,
9/3/98,0.83,,
9/2/98,0.6,,
9/1/98,0.79,,
8/31/98,0.95,,
8/28/98,0.73,,
8/27/98,0.71,,
8/26/98,0.59,,
8/25/98,0.54,,
8/24/98,0.47,,
8/21/98,1.02,,
8/20/98,0.69,,
8/19/98,0.44,,
8/18/98,0.59,,
8/17/98,0.67,,
8/14/98,0.63,,
8/13/98,0.51,,
8/12/98,0.5,,
8/11/98,0.6,,
8/10/98,0.46,,
8/7/98,0.39,,
8/6/98,0.54,,
8/5/98,0.59,,
8/4/98,0.56,,
8/3/98,0.5,,
7/31/98,0.45,,
7/30/98,0.43,,
7/29/98,0.51,,
7/28/98,0.46,,
7/27/98,0.42,,
7/24/98,0.48,,
7/23/98,0.44,,
7/22/98,0.51,,
7/21/98,0.41,,
7/20/98,0.42,,
7/17/98,0.43,,
7/16/98,0.41,,
7/15/98,0.42,,
7/14/98,0.35,,
7/13/98,0.36,,
7/10/98,0.41,,
7/9/98,0.46,,
7/8/98,0.38,,
7/7/98,0.39,,
7/6/98,0.4,,
7/2/98,0.42,,
7/1/98,0.38,,
6/30/98,0.53,,
6/29/98,0.4,,
6/26/98,0.47,,
6/25/98,0.42,,
6/24/98,0.42,,
6/23/98,0.53,,
6/22/98,0.42,,
6/19/98,0.69,,
6/18/98,0.61,,
6/17/98,0.54,,
6/16/98,0.56,,
6/15/98,0.68,,
6/12/98,0.67,,
6/11/98,0.54,,
6/10/98,0.42,,
6/9/98,0.42,,
6/8/98,0.29,,
6/5/98,0.39,,
6/4/98,0.39,,
6/3/98,0.49,,
6/2/98,0.57,,
6/1/98,0.52,,
5/29/98,0.47,,
5/28/98,0.4,,
5/27/98,0.49,,
5/26/98,0.42,,
5/22/98,0.5,,
5/21/98,0.54,,
5/20/98,0.47,,
5/19/98,0.41,,
5/18/98,0.52,,
5/15/98,0.65,,
5/14/98,0.51,,
5/13/98,0.5,,
5/12/98,0.43,,
5/11/98,0.38,,
5/8/98,0.47,,
5/7/98,0.42,,
5/6/98,0.45,,
5/5/98,0.46,,
5/4/98,0.37,,
5/1/98,0.33,,
4/30/98,0.36,,
4/29/98,0.43,,
4/28/98,0.47,,
4/27/98,0.53,,
4/24/98,0.44,,
4/23/98,0.47,,
4/22/98,0.37,,
4/21/98,0.37,,
4/20/98,0.36,,
4/17/98,0.43,,
4/16/98,0.4,,
4/15/98,0.43,,
4/14/98,0.37,,
4/13/98,0.56,,
4/9/98,0.47,,
4/8/98,0.55,,
4/7/98,0.55,,
4/6/98,0.46,,
4/3/98,0.42,,
4/2/98,0.37,,
4/1/98,0.38,,
3/31/98,0.51,,
3/30/98,0.47,,
3/27/98,0.4,,
3/26/98,0.48,,
3/25/98,0.4,,
3/24/98,0.37,,
3/23/98,0.43,,
3/20/98,0.45,,
3/19/98,0.4,,
3/18/98,0.54,,
3/17/98,0.39,,
3/16/98,0.37,,
3/13/98,0.38,,
3/12/98,0.47,,
3/11/98,0.4,,
3/10/98,0.44,,
3/9/98,0.48,,
3/6/98,0.37,,
3/5/98,0.49,,
3/4/98,0.48,,
3/3/98,0.44,,
3/2/98,0.35,,
2/27/98,0.48,,
2/26/98,0.39,,
2/25/98,0.44,,
2/24/98,0.45,,
2/23/98,0.38,,
2/20/98,0.43,,
2/19/98,0.37,,
2/18/98,0.45,,
2/17/98,0.39,,
2/13/98,0.4,,
2/12/98,0.42,,
2/11/98,0.37,,
2/10/98,0.39,,
2/9/98,0.38,,
2/6/98,0.44,,
2/5/98,0.39,,
2/4/98,0.37,,
2/3/98,0.33,,
2/2/98,0.33,,
1/30/98,0.36,,
1/29/98,0.41,,
1/28/98,0.38,,
1/27/98,0.42,,
1/26/98,0.48,,
1/23/98,0.72,,
1/22/98,0.44,,
1/21/98,0.54,,
1/20/98,0.33,,
1/16/98,0.48,,
1/15/98,0.6,,
1/14/98,0.37,,
1/13/98,0.45,,
1/12/98,0.59,,
1/9/98,0.57,,
1/8/98,0.55,,
1/7/98,0.51,,
1/6/98,0.42,,
1/5/98,0.42,,
1/2/98,0.49,,
12/31/97,0.46,,
12/30/97,0.43,,
12/29/97,0.38,,
12/26/97,0.24,,
12/24/97,0.52,,
12/23/97,0.48,,
12/22/97,0.43,,
12/19/97,0.85,,
12/18/97,0.58,,
12/17/97,0.61,,
12/16/97,0.52,,
12/15/97,0.54,,
12/12/97,0.62,,
12/11/97,0.6,,
12/10/97,0.57,,
12/9/97,0.53,,
12/8/97,0.35,,
12/5/97,0.39,,
12/4/97,0.38,,
12/3/97,0.51,,
12/2/97,0.5,,
12/1/97,0.39,,
11/28/97,0.49,,
11/26/97,0.67,,
11/25/97,0.47,,
11/24/97,0.48,,
11/21/97,0.51,,
11/20/97,0.44,,
11/19/97,0.64,,
11/18/97,0.48,,
11/17/97,0.42,,
11/14/97,0.52,,
11/13/97,0.72,,
11/12/97,0.56,,
11/10/97,0.39,,
11/7/97,0.53,,
11/6/97,0.42,,
11/5/97,0.4,,
11/4/97,0.4,,
11/3/97,0.4,,
10/31/97,0.54,,
10/30/97,0.58,,
10/29/97,0.45,,
10/28/97,0.55,,
10/27/97,0.67,,
10/24/97,0.51,,
10/23/97,0.55,,
10/22/97,0.53,,
10/21/97,0.35,,
10/20/97,0.39,,
10/17/97,0.65,,
10/16/97,0.47,,
10/15/97,0.42,,
10/14/97,0.41,,
10/10/97,0.32,,
10/9/97,0.31,,
10/8/97,0.35,,
10/7/97,0.37,,
10/6/97,0.36,,
10/3/97,0.28,,
10/2/97,0.3,,
10/1/97,0.35,,
9/30/97,0.38,,
9/29/97,0.37,,
9/26/97,0.36,,
9/25/97,0.36,,
9/24/97,0.35,,
9/23/97,0.38,,
9/22/97,0.35,,
9/19/97,0.39,,
9/18/97,0.34,,
9/17/97,0.35,,
9/16/97,0.37,,
9/15/97,0.4,,
9/12/97,0.37,,
9/11/97,0.46,,
9/10/97,0.36,,
9/9/97,0.41,,
9/8/97,0.33,,
9/5/97,0.31,,
9/4/97,0.34,,
9/3/97,0.33,,
9/2/97,0.39,,
8/29/97,0.41,,
8/28/97,0.39,,
8/27/97,0.39,,
8/26/97,0.38,,
8/25/97,0.43,,
8/22/97,0.57,,
8/21/97,0.6,,
8/20/97,0.3,,
8/19/97,0.33,,
8/18/97,0.51,,
8/15/97,0.61,,
8/14/97,0.42,,
8/13/97,0.6,,
8/12/97,0.48,,
8/11/97,0.38,,
8/8/97,0.48,,
8/7/97,0.32,,
8/6/97,0.32,,
8/5/97,0.32,,
8/4/97,0.41,,
8/1/97,0.43,,
7/31/97,0.44,,
7/30/97,0.32,,
7/29/97,0.45,,
7/28/97,0.4,,
7/25/97,0.35,,
7/24/97,0.43,,
7/23/97,0.36,,
7/22/97,0.36,,
7/21/97,0.45,,
7/18/97,0.39,,
7/17/97,0.34,,
7/16/97,0.33,,
7/15/97,0.39,,
7/14/97,0.37,,
7/11/97,0.36,,
7/10/97,0.32,,
7/9/97,0.33,,
7/8/97,0.34,,
7/7/97,0.37,,
7/3/97,0.36,,
7/2/97,0.39,,
7/1/97,0.36,,
6/30/97,0.46,,
6/27/97,0.48,,
6/26/97,0.52,,
6/25/97,0.37,,
6/24/97,0.34,,
6/23/97,0.44,,
6/20/97,0.36,,
6/19/97,0.39,,
6/18/97,0.38,,
6/17/97,0.31,,
6/16/97,0.37,,
6/13/97,0.39,,
6/12/97,0.32,,
6/11/97,0.44,,
6/10/97,0.35,,
6/9/97,0.32,,
6/6/97,0.36,,
6/5/97,0.43,,
6/4/97,0.57,,
6/3/97,0.42,,
6/2/97,0.37,,
5/30/97,0.4,,
5/29/97,0.34,,
5/28/97,0.31,,
5/27/97,0.29,,
5/23/97,0.38,,
5/22/97,0.43,,
5/21/97,0.32,,
5/20/97,0.41,,
5/19/97,0.36,,
5/16/97,0.42,,
5/15/97,0.37,,
5/14/97,0.43,,
5/13/97,0.4,,
5/12/97,0.39,,
5/9/97,0.36,,
5/8/97,0.41,,
5/7/97,0.41,,
5/6/97,0.42,,
5/5/97,0.34,,
5/2/97,0.35,,
5/1/97,0.35,,
4/30/97,0.51,,
4/29/97,0.35,,
4/28/97,0.55,,
4/25/97,0.68,,
4/24/97,0.49,,
4/23/97,0.54,,
4/22/97,0.61,,
4/21/97,0.47,,
4/18/97,0.71,,
4/17/97,0.61,,
4/16/97,0.6,,
4/15/97,0.58,,
4/14/97,0.62,,
4/11/97,0.72,,
4/10/97,0.5,,
4/9/97,0.41,,
4/8/97,0.49,,
4/7/97,0.42,,
4/4/97,0.45,,
4/3/97,0.67,,
4/2/97,0.52,,
4/1/97,0.64,,
3/31/97,0.66,,
3/27/97,0.51,,
3/26/97,0.49,,
3/25/97,0.41,,
3/24/97,0.52,,
3/21/97,0.73,,
3/20/97,0.61,,
3/19/97,0.59,,
3/18/97,0.62,,
3/17/97,0.61,,
3/14/97,0.5,,
3/13/97,0.57,,
3/12/97,0.6,,
3/11/97,0.49,,
3/10/97,0.45,,
3/7/97,0.47,,
3/6/97,0.55,,
3/5/97,0.49,,
3/4/97,0.48,,
3/3/97,0.55,,
2/28/97,0.6,,
2/27/97,0.39,,
2/26/97,0.51,,
2/25/97,0.38,,
2/24/97,0.35,,
2/21/97,0.66,,
2/20/97,0.51,,
2/19/97,0.42,,
2/18/97,0.51,,
2/14/97,0.43,,
2/13/97,1.47,,
2/12/97,0.45,,
2/11/97,0.53,,
2/10/97,0.52,,
2/7/97,0.45,,
2/6/97,0.5,,
2/5/97,0.42,,
2/4/97,0.48,,
2/3/97,0.37,,
1/31/97,0.35,,
1/30/97,0.39,,
1/29/97,0.37,,
1/28/97,0.4,,
1/27/97,0.49,,
1/24/97,0.41,,
1/23/97,0.39,,
1/22/97,0.41,,
1/21/97,0.36,,
1/17/97,0.33,,
1/16/97,0.32,,
1/15/97,0.38,,
1/14/97,0.37,,
1/13/97,0.32,,
1/10/97,0.34,,
1/9/97,0.35,,
1/8/97,0.33,,
,,,
,,,
,,,